# A phone that stayed indoors all day (067): 4005 fixes over about 17 h, as offsets
# from an arbitrary origin. t: seconds from the first fix; east/north: metres;
# acc: accuracy (m); kmh: measured speed; sacc: speed accuracy (m/s); empty = not measured.
t,east,north,acc,kmh,sacc
0.000,34.8,-97.8,26.5,0.00,4.59
6.027,34.9,-98.0,29.9,0.00,3.54
11.030,34.7,-98.1,24.7,0.00,4.52
140.073,35.3,-99.9,25.6,0.00,6.78
166.074,35.4,-102.3,25.9,0.00,6.17
171.459,35.4,-102.6,19.3,0.00,7.39
177.266,35.6,-103.0,22.9,0.00,6.45
183.090,35.6,-103.4,24.4,0.00,5.52
201.164,36.3,-103.4,29.1,0.00,4.69
206.816,36.4,-103.5,21.7,0.00,5.52
212.087,36.6,-103.6,18.2,0.00,5.49
218.063,36.7,-103.8,19.5,0.00,5.22
223.136,36.8,-103.8,25.4,0.00,3.93
228.157,36.7,-103.5,26.9,0.00,4.25
234.082,36.7,-103.4,28.6,0.00,3.46
239.570,36.8,-103.5,28.8,0.00,2.25
357.051,37.3,-106.1,29.4,0.00,6.26
4707.330,0.7,-12.7,25.8,0.00,0.12
4712.394,-32.0,-5.1,16.0,0.00,0.79
4717.409,-24.3,-8.1,9.7,0.00,0.33
4722.428,-24.3,-8.4,8.8,0.00,0.30
4727.446,-24.8,-8.3,7.9,0.00,0.19
4732.463,-25.5,-8.0,7.1,0.00,0.15
4737.479,-25.8,-7.9,6.3,0.00,0.09
4742.494,-25.8,-7.9,5.9,0.00,0.18
4747.514,-21.4,-9.6,11.2,0.00,0.16
4752.534,-21.2,-9.7,11.2,0.00,0.08
4757.549,-20.2,-10.0,11.1,0.00,0.33
4762.563,-20.1,-10.0,11.4,0.00,0.49
4767.582,-19.8,-10.1,11.4,0.00,0.29
4772.602,-19.5,-10.3,11.7,0.00,0.90
4777.613,-19.9,-10.0,12.5,0.00,0.61
4782.637,-19.9,-10.0,12.9,0.00,0.77
4787.654,-19.4,-10.3,13.2,0.00,0.95
4792.682,-19.4,-10.4,11.5,0.00,0.26
4797.691,-19.1,-10.7,11.2,0.00,0.25
4802.711,-19.1,-10.7,11.2,0.00,0.17
4807.731,-19.7,-10.7,11.2,0.00,0.32
4812.755,-20.4,-10.6,11.3,0.00,0.13
4817.769,-20.6,-10.6,11.2,0.00,0.12
4822.790,-20.8,-10.5,11.3,0.00,0.10
4827.808,-20.8,-10.5,11.4,0.00,0.19
4832.824,-20.5,-10.5,11.4,0.00,0.16
4837.845,-20.2,-10.7,11.8,0.00,0.13
4842.863,-19.8,-10.6,12.3,0.00,1.24
4847.880,-16.0,-9.7,11.6,0.00,0.13
4852.904,-11.3,-11.5,12.4,0.00,0.16
4857.923,-9.5,-12.9,12.2,0.00,0.38
4862.947,-9.4,-13.0,12.5,0.00,0.18
4867.967,-9.6,-12.9,13.0,0.00,0.08
4872.976,-10.3,-12.8,12.8,0.00,0.22
4877.987,-10.3,-12.9,13.6,0.00,0.23
4882.998,-10.3,-13.0,16.3,0.00,0.56
4888.010,-10.6,-12.9,14.6,0.00,0.22
4893.026,-10.7,-12.9,14.3,0.00,0.39
4898.039,-10.5,-13.0,12.5,0.00,0.10
4903.053,-10.4,-13.0,11.8,0.00,0.76
4908.078,-10.5,-13.0,11.5,0.00,0.55
4913.095,-10.6,-12.9,12.3,0.00,0.81
4918.114,-11.1,-12.8,12.5,0.00,0.51
4923.130,-11.1,-12.8,15.1,0.00,0.44
4928.142,-11.1,-12.8,14.0,0.00,0.79
4933.161,-11.1,-12.8,13.1,0.00,0.65
4938.176,-11.1,-12.7,12.1,0.00,0.11
4943.188,-11.3,-12.7,11.6,0.00,0.58
4948.205,-11.4,-12.7,11.4,0.00,0.36
4953.222,-11.5,-12.7,11.3,0.00,0.16
4958.243,-11.6,-12.7,11.6,0.00,0.76
4963.263,-11.7,-12.7,12.6,0.00,0.69
4968.280,-11.8,-12.7,13.1,0.00,0.13
4973.285,-11.8,-12.7,12.4,0.00,0.31
4978.309,-11.7,-12.7,11.8,0.00,0.12
4983.324,-11.6,-12.8,11.5,0.00,0.29
4988.342,-11.7,-12.7,11.4,0.00,0.07
4993.362,-11.8,-12.7,11.3,0.00,0.09
4998.379,-12.1,-12.6,11.4,0.00,0.11
5003.401,-12.3,-12.6,11.6,0.00,0.09
5008.416,-12.4,-12.6,11.3,0.00,0.08
5013.429,-12.6,-12.5,11.5,0.00,0.26
5018.447,-12.7,-12.5,11.3,0.00,0.13
5023.464,-12.8,-12.5,11.4,0.00,0.11
5028.478,-12.9,-12.4,11.4,0.00,0.10
5033.500,-13.0,-12.4,11.5,0.00,0.09
5038.524,-13.1,-12.4,11.4,0.00,0.09
5043.540,-13.3,-12.4,11.5,0.00,0.14
5048.557,-13.4,-12.4,11.5,0.00,0.18
5053.577,-13.5,-12.4,11.4,0.00,0.11
5058.601,-13.7,-12.3,11.5,0.00,0.08
5063.621,-13.8,-12.3,11.5,0.00,0.44
5068.630,-13.8,-12.3,11.4,0.00,0.09
5073.650,-13.9,-12.3,11.4,0.00,0.09
5078.668,-14.1,-12.3,11.4,0.00,0.07
5083.689,-14.1,-12.2,11.3,0.00,0.08
5088.712,-14.2,-12.2,11.3,0.00,0.09
5093.735,-14.3,-12.2,11.4,0.00,0.11
5098.750,-14.4,-12.2,11.4,0.00,0.14
5103.765,-14.5,-12.2,11.4,0.00,0.09
5108.784,-14.6,-12.1,11.4,0.00,0.10
5113.804,-14.7,-12.1,11.4,0.00,0.09
5118.829,-14.8,-12.0,11.4,0.00,0.27
5123.852,-14.8,-12.0,11.4,0.00,0.14
5128.868,-18.3,-9.2,11.1,0.00,0.07
5133.883,-20.9,-7.3,11.1,0.00,0.13
5138.901,-20.7,-7.0,11.2,0.00,0.15
5143.919,-20.3,-7.4,11.0,0.00,0.10
5148.936,-20.6,-7.0,9.9,0.00,0.10
5153.954,-20.2,-7.2,10.7,0.00,0.10
5158.965,-20.0,-7.4,11.3,0.00,0.07
5163.976,-20.1,-7.3,11.3,0.00,0.28
5168.985,-20.1,-7.3,11.3,0.00,0.17
5173.997,-20.2,-7.3,11.4,0.00,0.11
5179.013,-20.2,-7.2,11.4,0.00,0.14
5184.027,-20.3,-7.1,11.4,0.00,0.09
5189.045,-20.4,-7.0,11.3,0.00,0.26
5194.060,-21.3,-6.1,11.3,0.00,0.09
5199.076,-23.1,-4.0,11.4,0.00,0.39
5204.094,-23.4,-3.3,10.8,0.00,0.13
5209.113,-23.4,-3.2,10.4,0.00,0.21
5214.126,-23.4,-3.2,10.8,0.00,0.45
5219.143,-23.5,-3.2,11.3,0.00,0.34
5224.166,-23.5,-3.2,11.4,0.00,0.14
5229.181,-23.6,-3.1,11.4,0.00,0.23
5234.194,-23.7,-3.1,11.5,0.00,0.28
5239.210,-23.7,-3.0,11.5,0.00,0.15
5244.232,-23.8,-3.0,11.7,0.00,0.24
5249.250,-23.9,-2.9,11.3,0.00,0.29
5254.300,-23.9,-2.9,11.4,0.00,0.63
5259.336,-24.0,-2.9,11.3,0.00,0.12
5264.355,-24.0,-2.9,11.5,0.00,0.33
5269.372,-24.0,-2.9,11.3,0.00,0.52
5274.391,-24.0,-2.9,11.3,0.00,0.47
5279.411,-24.0,-2.9,11.3,0.00,0.30
5284.431,-24.0,-2.9,11.2,0.00,0.14
5289.450,-24.0,-2.9,11.4,0.00,0.37
5294.471,-24.0,-2.9,11.3,0.00,0.36
5299.492,-24.0,-2.8,11.3,0.00,0.36
5304.508,-24.1,-2.8,11.3,0.00,0.63
5309.530,-25.2,-2.4,11.1,1.12,0.89
5314.546,-26.9,-1.2,11.3,0.00,0.13
5319.566,-27.0,-0.9,11.5,0.00,0.15
5324.584,-25.7,-1.1,12.1,0.00,0.08
5329.598,-23.9,-1.5,12.4,0.00,0.09
5334.614,-23.7,-1.5,12.1,0.00,0.08
5339.631,-24.2,-1.4,11.8,0.00,0.11
5344.649,-24.5,-1.2,11.6,0.00,0.14
5349.663,-23.9,-1.4,11.1,0.00,0.21
5354.681,-24.2,-1.3,11.0,0.00,0.44
5359.705,-24.3,-1.4,11.4,0.00,0.19
5364.723,-24.2,-1.7,11.2,0.00,0.17
5369.735,-24.1,-1.7,11.3,0.00,0.11
5374.756,-24.1,-1.8,11.3,0.00,0.10
5379.785,-23.9,-1.8,11.3,0.00,0.09
5384.799,-23.9,-1.9,11.4,0.00,0.29
5389.814,-23.9,-1.9,11.4,0.00,0.14
5394.830,-23.8,-1.9,11.6,0.00,0.30
5399.851,-23.8,-1.9,11.4,0.00,0.10
5404.866,-23.8,-1.9,11.5,0.00,0.15
5409.888,-23.8,-2.0,11.5,0.00,0.14
5414.906,-23.7,-2.1,12.2,0.00,0.23
5419.920,-23.6,-2.1,12.2,0.00,0.17
5424.940,-23.6,-2.1,12.3,0.00,0.16
5429.961,-23.8,-2.0,12.8,0.00,0.18
5434.993,-23.7,-2.0,13.6,0.00,0.81
5440.003,-23.7,-2.0,12.7,0.00,0.42
5445.006,-23.7,-2.0,12.3,0.00,0.43
5450.023,-23.7,-2.0,12.4,0.00,0.26
5455.035,-23.7,-2.0,13.2,0.00,0.27
5460.049,-23.7,-2.0,13.8,0.00,0.11
5465.059,-23.7,-2.0,15.1,0.00,0.57
5470.074,-23.7,-2.0,17.1,0.00,0.67
5475.090,-23.7,-2.0,16.5,0.00,0.59
5480.109,-23.7,-2.0,15.4,0.00,0.65
5485.124,-23.6,-2.0,14.7,0.00,0.59
5490.142,-23.6,-2.0,15.3,0.00,0.30
5495.159,-23.9,-1.9,15.8,0.00,0.48
5500.174,-23.9,-1.9,18.8,0.00,0.38
5505.192,-23.9,-1.9,15.6,0.00,0.29
5510.204,-24.0,-1.8,18.4,0.00,0.39
5515.220,-23.9,-1.9,18.2,0.00,0.31
5520.233,-23.9,-1.9,17.0,0.00,0.56
5525.251,-23.9,-1.9,17.0,0.00,0.39
5530.266,-23.8,-1.9,21.9,0.00,0.32
5535.280,-23.9,-1.9,20.5,0.00,0.38
5540.297,-23.8,-1.9,27.1,0.00,0.45
5556.323,-23.9,-1.8,18.7,0.00,0.50
5561.341,-23.9,-1.8,16.1,0.00,0.40
5566.357,-23.9,-1.8,16.0,0.00,0.41
5571.372,-23.9,-1.7,17.1,0.00,0.26
5576.390,-23.9,-1.7,18.6,0.00,0.32
5581.410,-23.9,-1.7,20.4,0.00,0.32
5586.426,-23.8,-1.8,21.5,0.00,0.41
5591.445,-23.8,-1.8,21.7,0.00,0.27
5596.465,-23.8,-1.8,18.5,0.00,0.29
5601.480,-23.8,-1.8,18.4,0.00,0.33
5606.500,-23.8,-1.8,19.5,0.00,0.29
5611.522,-23.8,-1.8,23.1,0.00,0.45
5616.540,-23.8,-1.7,24.0,0.00,0.40
5621.560,-23.7,-1.8,16.9,0.00,0.51
5626.586,-23.7,-1.8,18.6,0.00,0.66
5631.607,-23.6,-1.8,18.5,0.00,0.71
5636.622,-23.6,-1.8,13.5,0.00,0.25
5641.639,-24.3,-1.5,12.0,0.00,0.41
5646.660,-24.8,-1.3,11.7,0.00,0.28
5651.669,-24.8,-1.3,11.9,0.00,0.23
5656.692,-24.8,-1.3,11.7,0.00,0.32
5661.712,-24.8,-1.3,11.4,0.00,0.28
5666.736,-24.9,-1.2,11.3,0.00,0.44
5671.753,-25.0,-1.2,11.5,0.00,0.20
5676.771,-25.0,-1.2,11.7,0.00,0.14
5681.787,-25.0,-1.2,12.1,0.00,0.10
5686.804,-25.1,-1.1,12.1,0.00,0.12
5691.827,-25.2,-1.0,12.0,0.00,0.09
5696.848,-25.2,-1.0,12.1,0.00,0.14
5701.873,-25.2,-1.0,12.1,0.00,0.17
5706.892,-25.3,-1.0,12.0,0.00,0.30
5711.915,-25.3,-1.0,12.3,0.00,0.10
5716.937,-25.3,-1.0,12.1,0.00,0.12
5721.960,-25.3,-1.0,12.0,0.00,0.09
5726.991,-25.4,-0.9,11.9,0.00,0.10
5732.009,-25.5,-0.9,11.9,0.00,0.14
5737.020,-25.5,-0.9,12.4,0.00,0.09
5742.025,-25.6,-0.8,12.5,0.00,0.10
5747.038,-25.7,-0.8,12.3,0.00,0.10
5752.057,-25.7,-0.8,12.1,0.00,0.09
5757.082,-25.5,-0.9,12.2,0.00,0.21
5762.098,-25.2,-1.0,13.4,0.00,0.17
5767.117,-25.2,-1.0,13.6,0.00,0.17
5772.137,-25.2,-1.1,13.9,0.00,0.14
5777.152,-25.1,-1.1,13.0,0.00,0.13
5782.169,-25.1,-1.1,13.0,0.00,0.10
5787.198,-25.2,-1.1,12.8,0.00,0.14
5792.213,-25.2,-1.0,13.4,0.00,0.15
5797.228,-25.2,-1.0,13.4,0.00,0.13
5802.249,-24.9,-1.2,13.0,0.00,0.21
5807.266,-24.8,-1.2,12.5,0.00,0.20
5812.274,-24.8,-1.2,12.3,0.00,0.26
5817.284,-24.8,-1.2,12.0,0.00,0.32
5822.298,-24.8,-1.2,12.6,0.00,0.30
5827.319,-24.8,-1.2,13.6,0.00,0.23
5832.334,-24.8,-1.2,12.7,0.00,0.28
5837.355,-24.8,-1.2,13.9,0.00,0.31
5842.369,-24.7,-1.2,14.6,0.00,0.32
5847.386,-24.7,-1.2,14.9,0.00,0.34
5852.405,-24.7,-1.2,15.2,0.00,0.35
5857.421,-24.7,-1.3,17.5,0.00,0.35
5862.437,-24.6,-1.3,15.9,0.00,0.25
5867.455,-24.7,-1.3,14.4,0.00,0.15
5872.473,-24.6,-1.3,13.3,0.00,0.15
5877.490,-24.5,-1.3,13.4,0.00,0.22
5882.505,-24.6,-1.3,14.4,0.00,0.69
5887.526,-24.6,-1.3,15.8,0.00,0.48
5892.547,-24.6,-1.3,16.6,0.00,0.42
5897.568,-24.6,-1.3,16.1,0.00,0.55
5902.579,-24.6,-1.3,16.2,0.00,0.46
5907.596,-24.6,-1.3,15.9,0.00,0.71
5912.606,-24.5,-1.3,13.6,0.00,0.22
5917.620,-24.5,-1.3,14.3,0.00,0.21
5922.638,-24.5,-1.3,14.4,0.00,0.21
5927.655,-24.5,-1.3,14.4,0.00,0.12
5932.670,-24.5,-1.3,13.2,0.00,0.50
5937.693,-24.5,-1.3,14.8,0.00,0.30
5942.715,-24.5,-1.3,15.4,0.00,0.44
5947.733,-24.5,-1.3,15.2,0.00,0.37
5952.752,-24.5,-1.3,15.2,0.00,0.38
5957.765,-24.5,-1.3,16.2,0.00,0.73
5962.781,-24.5,-1.3,15.0,0.00,0.30
5967.804,-24.5,-1.3,14.7,0.00,0.35
5972.818,-24.5,-1.3,15.2,0.00,0.36
5977.842,-24.5,-1.3,15.0,0.00,0.38
5982.860,-24.5,-1.3,15.2,0.00,0.24
5987.882,-24.5,-1.3,16.0,0.00,0.29
5992.901,-24.5,-1.3,15.2,0.00,0.19
5997.919,-24.5,-1.3,15.9,0.00,0.18
6002.936,-24.5,-1.4,14.7,0.00,0.24
6007.950,-24.5,-1.4,16.6,0.00,0.47
6012.968,-24.5,-1.4,27.1,0.00,0.60
6017.981,-24.5,-1.4,25.4,0.00,0.39
6022.996,-24.5,-1.4,20.0,0.00,0.24
6028.012,-24.5,-1.4,17.0,0.00,0.33
6033.028,-24.6,-1.4,14.1,0.00,0.23
6038.036,-24.6,-1.3,14.3,0.00,0.40
6043.054,-24.5,-1.4,14.6,0.00,0.19
6048.069,-24.7,-1.3,14.1,0.00,0.25
6053.088,-24.7,-1.3,13.3,0.00,0.28
6058.106,-24.7,-1.3,13.4,0.00,0.20
6063.126,-24.8,-1.2,14.6,0.00,0.25
6068.140,-24.8,-1.2,15.7,0.00,0.17
6073.160,-24.9,-1.2,18.6,0.00,0.34
6078.177,-24.9,-1.2,16.0,0.00,0.26
6083.193,-24.9,-1.2,15.9,0.00,0.55
6088.210,-24.9,-1.2,17.6,0.00,0.58
6093.225,-24.9,-1.2,15.7,0.00,0.28
6098.242,-24.9,-1.2,14.4,0.00,0.24
6103.258,-24.9,-1.2,14.9,0.00,0.30
6108.277,-24.9,-1.2,14.6,0.00,0.21
6113.294,-24.9,-1.2,14.3,0.00,0.24
6118.313,-24.9,-1.2,14.6,0.00,0.24
6123.334,-24.9,-1.2,13.7,0.00,0.35
6128.347,-24.9,-1.2,13.7,0.00,0.43
6133.364,-24.9,-1.2,13.0,0.00,0.18
6138.378,-24.8,-1.2,13.8,0.00,0.25
6143.397,-24.7,-1.3,13.5,0.00,0.16
6148.412,-24.5,-1.4,13.6,0.00,0.13
6153.430,-24.5,-1.4,14.5,0.00,0.31
6158.446,-24.4,-1.4,15.0,0.00,0.39
6163.462,-24.4,-1.4,18.5,0.00,0.44
6168.486,-24.4,-1.4,18.0,0.00,0.29
6173.497,-24.4,-1.4,15.5,0.00,0.17
6178.508,-24.4,-1.4,15.9,0.00,0.31
6183.526,-24.4,-1.4,14.8,0.00,0.29
6188.542,-24.4,-1.4,21.0,0.00,0.54
6193.563,-24.4,-1.4,24.3,0.00,0.33
6198.577,-24.4,-1.4,19.0,0.00,0.62
6203.597,-24.4,-1.4,17.8,0.00,0.85
6208.618,-24.4,-1.4,19.8,0.00,0.64
6213.638,-24.4,-1.4,20.7,0.00,0.61
6218.657,-24.6,-1.4,17.3,0.00,0.46
6223.675,-24.7,-1.3,18.0,0.00,0.34
6228.696,-24.7,-1.3,15.7,0.00,0.31
6233.714,-24.7,-1.3,16.8,0.00,0.59
6238.730,-24.5,-1.4,12.7,0.00,0.34
6243.749,-24.3,-1.5,13.2,0.00,0.43
6248.772,-24.3,-1.5,14.7,0.00,0.41
6253.795,-24.4,-1.5,13.7,0.00,0.41
6258.815,-24.5,-1.4,15.4,0.00,0.58
6263.837,-24.5,-1.4,14.9,0.00,0.35
6268.857,-24.4,-1.5,14.6,0.00,0.36
6273.880,-24.4,-1.5,16.5,0.00,0.47
6278.898,-24.3,-1.5,17.0,0.00,0.64
6283.916,-24.4,-1.5,16.1,0.00,0.58
6288.927,-24.4,-1.5,16.0,0.00,0.38
6293.936,-24.4,-1.5,17.0,0.00,0.46
6298.959,-24.4,-1.5,14.7,0.00,0.36
6303.975,-24.3,-1.5,14.0,0.00,0.26
6308.986,-24.3,-1.5,13.9,0.00,0.29
6313.998,-24.3,-1.5,15.1,0.00,0.37
6319.004,-24.4,-1.5,15.4,0.00,0.39
6324.015,-24.4,-1.5,16.1,0.00,0.27
6329.026,-24.4,-1.5,15.8,0.00,0.16
6334.044,-24.4,-1.5,15.6,0.00,0.16
6339.060,-24.4,-1.5,15.6,0.00,0.37
6344.079,-24.4,-1.5,17.1,0.00,0.39
6349.091,-24.4,-1.5,18.4,0.00,0.61
6354.104,-24.4,-1.5,15.4,0.00,0.26
6359.117,-24.4,-1.5,14.4,0.00,0.54
6364.134,-24.4,-1.5,15.6,0.00,0.16
6369.150,-24.4,-1.5,14.1,0.00,0.36
6374.479,-24.3,-1.5,15.0,0.00,0.58
6379.492,-24.3,-1.5,15.1,0.00,0.36
6384.506,-24.3,-1.4,13.9,0.00,0.78
6389.518,-24.3,-1.4,13.8,0.00,0.53
6394.597,-24.3,-1.4,14.5,0.00,0.43
6399.626,-24.3,-1.4,14.2,0.00,0.27
6405.056,-24.3,-1.4,14.1,0.00,0.32
6410.075,-24.3,-1.4,14.5,0.00,0.29
6415.099,-24.3,-1.3,15.0,0.00,0.32
6420.212,-24.3,-1.3,13.9,0.00,0.87
6426.537,-24.3,-1.3,15.3,0.00,0.81
6432.503,-24.3,-1.3,18.6,0.00,0.84
6437.512,-24.3,-1.3,27.3,0.00,1.14
6550.296,41.7,-7.3,22.9,0.00,0.10
6555.311,43.5,-9.3,12.4,0.86,1.50
6560.430,42.7,-12.5,13.3,0.00,0.09
6565.453,43.4,-12.0,12.3,0.00,0.08
6571.041,41.8,-12.1,10.8,0.00,0.07
6576.808,40.9,-11.6,9.3,0.00,0.08
6582.106,40.8,-11.6,7.8,0.00,0.10
6588.036,40.7,-11.6,6.4,0.00,0.13
6594.049,40.2,-11.3,6.0,0.00,0.16
6601.032,40.2,-11.2,12.0,0.00,0.18
6606.462,40.7,-11.3,12.5,7.09,2.24
6612.438,41.5,-10.3,13.0,0.00,0.15
6617.447,39.4,-9.3,13.6,0.00,0.10
6622.465,37.2,-8.0,14.4,0.00,0.20
6627.480,36.0,-7.5,15.2,0.00,0.11
6632.497,34.4,-6.6,14.2,0.00,0.10
6637.515,34.1,-6.5,13.5,0.00,0.22
6642.525,33.6,-6.1,14.8,0.00,0.41
6647.547,33.0,-5.7,15.0,0.00,0.22
6652.569,32.5,-5.4,14.8,0.00,0.13
6657.587,31.8,-5.1,14.0,0.00,0.17
6662.609,31.0,-4.6,14.4,0.00,0.13
6667.624,29.6,-3.8,15.0,0.00,0.10
6672.633,28.1,-2.9,15.1,0.00,0.16
6677.657,27.5,-2.5,14.4,0.00,0.19
6682.678,27.4,-2.5,14.4,0.00,0.16
6687.693,26.8,-2.1,14.0,0.00,0.25
6692.713,25.9,-1.5,12.9,0.00,0.13
6697.734,25.4,-1.3,13.0,0.00,0.22
6702.748,25.3,-1.3,13.5,0.00,0.21
6707.771,24.5,-0.7,12.4,0.00,0.45
6712.786,24.2,-0.6,12.3,0.00,0.44
6717.807,24.1,-0.5,12.9,0.00,0.22
6722.828,23.9,-0.5,13.3,0.00,0.14
6727.851,23.6,-0.3,12.9,0.00,0.56
6732.871,22.8,0.2,12.2,0.00,0.29
6737.896,21.8,0.8,12.9,0.00,0.39
6742.914,20.7,1.4,12.5,0.00,0.25
6747.939,19.7,2.0,12.1,0.00,0.43
6752.966,18.4,2.2,12.7,0.00,0.11
6757.982,15.3,3.1,13.0,0.00,0.31
6762.994,12.5,4.2,13.3,0.00,0.18
6768.008,9.6,5.5,12.5,0.00,0.34
6773.016,6.6,6.8,12.0,0.00,0.28
6778.024,4.2,8.0,12.1,0.00,0.37
6783.039,1.7,9.5,12.4,0.00,0.31
6788.051,-0.7,11.3,12.8,0.00,0.72
6793.067,-3.9,13.3,13.0,0.00,0.46
6798.082,-6.4,14.4,12.5,0.00,0.27
6803.096,-6.4,14.1,12.3,0.00,0.20
6808.116,-7.1,14.5,11.9,0.00,0.19
6813.135,-8.0,15.0,11.8,0.00,0.17
6818.154,-8.8,15.5,12.4,0.00,0.12
6823.166,-10.1,16.3,13.4,0.00,0.10
6828.189,-10.4,16.5,13.7,0.00,0.10
6833.202,-10.7,16.7,12.8,0.00,0.10
6838.219,-11.0,16.9,12.5,0.00,0.10
6843.232,-11.4,17.1,12.5,0.00,0.16
6848.250,-11.8,17.4,13.0,0.00,0.23
6853.266,-12.1,17.5,13.0,0.00,0.10
6858.274,-11.9,17.3,12.6,0.00,0.07
6863.293,-11.9,17.2,12.3,0.00,0.08
6868.311,-7.4,13.3,12.1,0.00,0.08
6873.332,-6.3,12.4,11.8,0.00,0.14
6878.354,-7.1,12.7,11.7,0.00,0.10
6883.371,-4.1,11.3,12.0,0.00,0.14
6888.392,0.6,8.7,11.5,0.00,0.08
6893.415,0.8,8.9,11.6,0.00,0.08
6898.431,0.8,8.8,11.5,0.00,0.08
6903.448,1.1,8.3,11.4,0.00,0.08
6908.468,2.4,6.9,11.3,0.00,0.08
6913.484,2.7,6.6,11.3,0.00,0.11
6918.508,3.3,6.0,11.3,0.00,0.10
6923.528,3.6,5.6,11.3,0.00,0.10
6928.552,4.1,4.9,11.1,0.00,0.19
6933.564,4.6,4.3,11.1,0.00,0.30
6938.582,3.9,4.7,11.5,0.00,0.17
6943.597,2.4,5.7,11.8,1.40,0.98
6948.614,1.8,5.9,11.9,1.94,1.22
6953.633,3.5,3.2,11.9,0.00,0.30
6958.654,2.0,3.7,12.1,0.00,0.13
6963.670,1.8,3.7,11.8,0.00,0.09
6968.688,1.7,3.8,11.7,0.00,0.09
6973.705,1.5,3.8,11.7,0.00,0.09
6978.727,1.4,3.9,12.1,0.00,0.15
6983.748,1.1,4.1,12.0,0.00,0.30
6988.768,1.2,4.1,12.0,0.00,0.14
6993.785,1.1,4.1,12.2,0.00,0.08
6998.808,1.1,4.1,12.1,0.00,0.08
7003.828,1.1,4.1,12.0,0.00,0.08
7008.847,1.1,4.1,11.9,0.00,0.08
7013.863,1.1,4.1,11.9,0.00,0.10
7018.883,1.1,4.1,11.9,0.00,0.08
7023.896,1.0,4.2,11.8,0.00,0.08
7028.915,0.9,4.2,11.8,0.00,0.12
7033.937,0.8,4.3,11.8,0.00,0.34
7038.961,0.6,4.5,11.8,0.00,0.13
7043.986,0.5,4.5,12.0,0.00,0.15
7049.016,0.4,4.6,12.2,0.00,0.10
7054.021,0.2,4.7,12.4,0.00,0.11
7059.034,0.0,4.8,12.7,0.00,0.08
7064.047,-0.1,4.9,13.2,0.00,0.10
7069.060,-0.4,5.1,13.3,0.00,0.07
7074.076,-0.7,5.3,13.9,0.00,0.07
7079.092,-1.0,5.5,13.5,0.00,0.08
7084.095,-1.1,5.6,13.4,0.00,0.07
7089.111,-1.1,5.6,13.7,0.00,0.07
7094.124,-1.1,5.6,12.5,0.00,0.07
7099.132,-1.0,5.5,12.1,0.00,0.07
7104.151,-1.1,5.6,11.7,0.00,0.07
7109.168,-1.1,5.6,11.8,0.00,0.07
7114.187,-1.1,5.6,11.8,0.00,0.08
7119.206,-1.1,5.6,11.8,0.00,0.07
7124.226,-1.1,5.6,11.9,0.00,0.08
7129.237,-2.4,6.4,13.4,0.00,0.07
7134.255,-3.5,7.2,12.3,0.00,0.08
7139.276,-4.5,7.8,11.8,0.00,0.08
7144.288,-5.8,8.7,11.6,0.00,0.08
7149.299,-6.3,9.1,12.1,0.00,0.09
7154.322,-4.1,7.8,15.0,0.00,0.09
7159.342,-4.2,7.9,17.6,0.00,0.08
7164.357,-4.3,7.9,14.1,0.00,0.07
7169.371,-4.3,7.9,12.5,0.00,0.08
7174.389,-4.3,7.9,12.4,0.00,0.08
7179.404,-4.3,7.9,12.3,0.00,0.11
7184.414,-4.4,7.9,12.3,0.00,0.08
7189.427,-4.4,7.9,12.5,0.00,0.17
7194.441,-4.4,8.0,12.5,0.00,0.08
7199.457,-4.4,8.0,12.5,0.00,0.08
7204.473,-4.4,8.0,12.3,0.00,0.09
7209.492,-4.4,8.0,12.8,0.00,0.08
7214.501,-4.4,7.9,12.8,0.00,0.10
7219.519,-4.3,7.9,12.9,0.00,0.14
7224.541,-4.3,7.9,12.7,0.00,0.08
7229.562,-4.3,7.9,13.0,0.00,0.08
7234.584,-4.4,8.0,13.8,0.00,0.08
7239.601,-4.6,8.1,13.4,0.00,0.07
7244.617,-4.6,8.1,12.8,0.00,0.07
7249.634,-4.6,8.1,13.0,0.00,0.07
7254.652,-4.6,8.1,12.9,0.00,0.07
7259.665,-4.6,8.1,15.1,0.00,0.08
7264.678,-4.6,8.1,14.2,0.00,0.11
7269.700,-4.7,8.2,13.2,0.00,0.10
7274.718,-4.7,8.2,13.2,0.00,0.11
7279.739,-4.6,8.2,12.9,0.00,0.08
7284.756,-4.8,8.2,12.6,0.00,0.08
7289.778,-4.8,8.2,13.5,0.00,0.10
7294.800,-4.5,8.1,13.9,0.00,0.09
7299.818,-4.5,8.0,13.8,0.00,0.08
7304.833,-4.4,8.0,13.3,0.00,0.08
7309.850,-4.4,8.0,12.9,0.00,0.08
7314.859,-4.9,8.3,13.0,0.00,0.09
7319.883,-4.6,8.1,12.7,0.00,0.10
7324.904,-4.7,8.2,13.0,0.00,0.08
7329.923,-4.7,8.2,13.7,0.00,0.08
7334.944,-4.7,8.2,14.1,0.00,0.07
7339.965,-4.8,8.2,14.2,0.00,0.08
7345.007,-5.0,8.3,15.0,0.00,0.08
7350.028,-5.0,8.4,14.3,0.00,0.07
7355.045,-5.0,8.4,13.5,0.00,0.08
7360.052,-5.1,8.4,13.9,0.00,0.08
7365.066,-5.2,8.4,14.3,0.00,0.08
7370.081,-5.2,8.5,13.8,0.00,0.08
7375.094,-5.5,8.6,14.9,0.00,0.09
7380.110,-5.6,8.6,15.8,0.00,0.07
7385.123,-5.8,8.8,13.3,0.00,0.10
7390.138,-5.8,8.8,13.0,0.00,0.09
7395.147,-5.9,8.8,13.4,0.00,0.14
7400.162,-6.0,8.8,14.0,0.00,0.11
7405.175,-6.0,8.8,14.1,0.00,0.16
7410.196,-6.1,8.9,14.2,0.00,0.08
7415.216,-6.3,9.0,13.3,0.00,0.10
7420.223,-6.5,9.1,13.0,0.00,0.07
7425.240,-6.5,9.1,13.0,0.00,0.07
7430.258,-6.6,9.2,12.7,0.00,0.08
7435.276,-6.6,9.2,12.4,0.00,0.09
7440.287,-6.6,9.2,14.3,0.00,0.37
7445.299,-6.6,9.2,15.8,0.00,0.10
7450.317,-6.6,9.2,14.1,0.00,0.07
7455.336,-6.6,9.2,12.9,0.00,0.09
7460.354,-6.6,9.2,13.7,0.00,0.08
7465.370,-6.6,9.2,13.9,0.00,0.07
7470.390,-6.7,9.2,13.4,0.00,0.11
7475.411,-6.6,10.8,13.7,0.00,0.11
7480.429,-8.1,11.8,13.0,0.00,0.18
7485.449,-7.7,10.0,12.8,0.00,0.15
7490.467,-10.8,11.4,13.2,2.99,0.94
7495.484,-9.7,11.1,13.7,0.54,1.28
7500.505,-11.4,8.9,12.8,0.00,0.25
7505.706,-12.0,7.6,13.1,0.00,0.40
7511.019,-16.2,11.8,18.8,3.53,1.68
7516.043,-17.7,7.3,18.2,0.00,0.36
7521.055,-16.9,6.4,15.7,0.00,0.29
7526.075,-15.4,4.7,14.2,0.00,0.41
7531.090,-14.9,5.9,13.5,0.00,0.26
7536.106,-13.2,5.5,13.2,0.00,0.60
7541.116,-13.0,6.9,13.5,3.56,1.16
7546.130,-10.1,5.9,15.9,0.00,0.29
7551.147,-9.8,6.0,21.0,0.00,0.28
7556.162,-8.8,4.4,17.8,0.00,0.17
7561.177,-7.9,4.1,15.8,0.00,0.13
7566.193,-6.3,3.3,12.5,0.00,0.15
7571.213,-7.1,3.7,13.2,0.00,0.15
7576.231,-6.6,3.4,13.6,0.00,0.18
7581.248,-6.6,3.4,13.8,0.00,0.18
7586.262,-8.4,5.1,14.0,3.49,1.22
7591.279,-8.6,4.5,14.0,3.02,1.07
7596.293,-4.8,1.5,14.4,2.20,1.22
7601.313,-2.6,0.3,14.4,0.00,0.24
7606.332,-3.8,0.6,13.9,0.00,0.25
7611.349,-6.6,2.3,14.5,0.00,0.30
7616.370,-8.4,3.2,14.7,0.00,0.13
7621.388,-8.1,3.1,14.1,0.00,0.46
7626.402,-8.0,3.0,13.0,0.00,0.26
7631.414,-8.1,3.2,13.5,2.34,1.33
7636.433,-5.8,2.6,13.1,0.00,0.25
7641.453,-5.1,2.1,12.9,0.00,0.16
7646.471,-5.8,2.4,13.4,0.00,0.24
7651.488,-7.0,2.8,13.1,0.00,0.23
7656.500,-2.9,1.5,13.6,0.00,0.20
7661.518,-0.8,1.6,13.7,0.00,0.16
7666.538,0.6,1.4,13.1,0.00,0.15
7671.557,1.0,1.3,12.4,0.00,0.40
7676.569,1.1,1.2,12.4,0.00,0.65
7681.587,1.2,1.1,13.0,0.00,0.34
7687.118,0.4,1.5,14.0,0.00,0.90
7692.249,-0.7,2.1,13.2,0.00,0.12
7697.261,-1.2,2.4,13.5,0.00,0.13
7702.721,-1.1,2.3,12.7,0.00,0.26
7708.162,-1.1,2.3,12.9,0.00,0.46
7713.715,-0.8,2.1,12.3,0.00,0.68
7718.769,2.1,0.1,12.1,0.00,0.50
7724.189,4.4,-1.3,11.9,0.00,0.60
7729.576,8.0,-3.2,11.9,1.19,0.92
7735.047,24.9,-13.6,12.0,0.00,0.31
7741.022,29.4,-16.3,11.6,0.00,0.14
7746.183,29.5,-16.3,11.6,0.00,0.09
7751.199,29.4,-16.4,11.5,0.00,0.26
7758.164,29.0,-16.3,11.2,0.00,0.22
7763.733,29.0,-16.3,11.5,0.00,0.27
7769.113,28.9,-16.2,11.7,0.00,0.43
7774.680,28.3,-16.0,11.6,0.00,0.37
7780.027,28.0,-15.9,11.6,0.00,0.35
7785.137,28.0,-15.8,11.8,0.00,0.41
7790.154,27.9,-15.8,12.0,0.00,0.32
7795.171,27.9,-15.8,11.7,0.00,0.20
7800.192,27.9,-15.8,11.6,0.00,0.39
7805.207,28.4,-16.1,11.6,0.00,0.90
7810.229,30.2,-16.0,11.8,0.00,0.37
7815.248,29.4,-15.5,12.4,0.00,0.14
7820.267,29.8,-15.9,11.8,0.00,0.34
7825.291,29.3,-16.0,11.6,0.00,0.18
7830.314,28.9,-15.9,11.5,0.00,0.16
7835.336,28.8,-15.9,11.3,0.00,0.35
7840.352,28.8,-15.8,11.4,0.00,0.28
7845.378,28.8,-15.8,12.0,0.00,0.43
7850.401,28.8,-15.8,12.4,0.00,0.33
7855.427,28.7,-15.8,13.3,0.00,0.37
7860.454,29.0,-15.9,14.6,0.00,0.27
7865.479,29.2,-16.0,15.1,0.00,0.16
7870.507,29.2,-15.9,15.7,0.00,0.24
7875.536,29.1,-15.9,14.6,0.00,0.29
7880.564,29.1,-15.9,12.7,0.00,0.08
7885.590,29.0,-15.9,13.5,0.00,0.25
7891.120,28.8,-15.7,14.2,0.00,0.19
7896.135,28.3,-15.5,13.9,0.00,0.08
7901.144,32.6,-17.3,14.7,0.00,0.13
7906.150,34.1,-18.3,15.0,0.00,0.08
7911.166,33.8,-19.2,14.3,0.00,0.07
7916.179,32.9,-19.0,13.4,0.00,0.07
7921.198,32.2,-18.7,13.8,0.00,0.09
7926.218,30.6,-18.0,12.7,0.00,0.11
7931.234,28.8,-17.2,12.6,0.00,0.10
7936.250,29.3,-17.1,14.5,0.00,0.08
7941.269,28.2,-16.6,13.8,0.00,0.13
7946.289,26.5,-15.7,12.3,0.00,0.07
7951.307,24.8,-15.0,11.6,0.00,0.09
7956.328,23.9,-14.6,11.6,0.00,0.15
7961.347,23.7,-14.4,11.8,0.00,0.62
7966.367,23.4,-14.3,12.8,0.00,0.19
7971.385,22.0,-13.7,12.4,0.00,0.14
7976.404,20.4,-13.0,12.6,0.00,0.13
7981.420,19.3,-12.6,12.1,0.00,0.09
7986.936,18.7,-12.3,12.6,0.00,0.66
7991.961,18.3,-12.1,14.3,0.00,0.09
7996.976,17.6,-11.9,13.4,0.00,0.09
8001.987,16.6,-11.7,13.3,0.00,0.09
8006.997,15.3,-11.3,12.9,0.00,0.08
8012.009,13.8,-10.8,12.8,0.00,0.15
8017.027,12.4,-10.3,12.7,0.00,0.08
8022.045,11.0,-9.8,13.0,0.00,0.21
8027.067,9.7,-9.3,14.3,0.00,0.34
8032.077,8.5,-8.8,14.6,0.00,0.24
8037.100,7.4,-8.4,14.7,0.00,0.08
8042.126,6.3,-7.9,15.1,0.00,0.34
8047.148,5.3,-7.6,15.2,0.00,0.07
8052.162,4.7,-7.3,14.8,0.00,0.37
8057.179,4.2,-7.1,15.3,0.00,0.25
8062.200,3.3,-6.7,15.1,0.79,1.17
8067.221,6.2,-7.6,14.6,0.00,0.26
8072.239,2.0,-5.6,14.6,0.00,0.09
8077.259,-2.1,-3.8,14.0,0.00,0.43
8082.286,-4.6,-2.7,14.3,0.00,0.73
8087.311,-4.8,-2.6,14.9,0.00,0.56
8092.332,-1.9,-4.2,17.5,0.00,0.26
8097.363,-2.0,-4.2,16.9,0.00,0.16
8102.383,-1.8,-4.2,14.0,1.12,0.89
8107.408,3.0,-6.2,13.1,0.00,0.15
8112.429,7.7,-6.9,12.5,0.00,0.46
8117.459,11.4,-7.9,12.1,0.79,0.90
8122.480,15.1,-8.4,11.9,0.00,0.15
8127.505,17.8,-9.6,11.8,0.00,0.41
8132.698,18.8,-9.6,12.0,0.00,0.39
8138.049,18.1,-9.3,12.2,0.00,0.24
8143.057,17.0,-8.8,12.6,0.00,0.12
8148.070,15.0,-8.1,12.3,0.00,0.39
8153.088,13.6,-7.6,12.0,0.00,0.09
8159.034,11.8,-6.8,11.7,0.00,0.51
8164.152,14.9,-8.7,11.9,0.00,0.24
8188.268,16.0,-8.6,24.2,0.00,0.40
8194.053,17.0,-9.1,16.5,0.00,0.31
8199.258,16.9,-8.8,11.8,0.00,0.31
8206.078,12.8,-6.9,6.7,1.87,1.02
8211.390,13.8,-4.9,6.2,0.00,1.24
8216.816,15.0,-4.2,4.4,0.00,0.15
8222.403,14.6,-4.5,4.4,0.00,0.23
8228.056,14.6,-3.4,4.0,0.00,0.09
8235.028,14.1,-4.8,5.1,0.83,0.92
8240.075,11.7,-6.0,5.9,0.68,1.20
8246.125,11.2,-5.2,4.6,1.22,1.06
8252.055,12.0,-4.8,11.2,1.04,0.93
8257.506,12.5,-4.5,11.1,0.76,0.96
8263.051,13.6,-5.1,11.0,0.00,0.23
8268.246,13.9,-4.6,11.6,1.30,1.33
8273.518,14.9,-6.1,11.7,0.00,0.38
8279.597,14.0,-5.2,11.8,0.54,0.99
8285.366,14.0,-4.7,12.3,0.00,0.26
8291.104,13.9,-3.2,11.2,1.84,1.05
8296.378,14.1,-4.2,12.0,0.00,1.12
8302.191,15.6,-6.4,11.9,0.00,0.54
8307.212,13.0,-4.7,12.0,0.58,1.22
8313.305,12.6,-3.9,11.7,0.00,0.93
8319.272,14.6,-1.8,12.4,0.00,0.33
8325.747,15.1,-3.1,11.7,0.00,0.49
8331.178,12.7,-1.5,12.0,1.30,0.97
8336.511,11.2,-1.9,11.8,0.72,0.96
8342.140,11.2,-1.7,11.8,0.00,0.13
8348.031,12.1,-0.1,12.2,0.00,0.51
8355.038,13.8,-2.4,12.4,0.00,0.46
8360.766,14.0,-2.8,12.6,0.65,0.99
8366.043,12.8,-4.4,10.5,1.19,1.27
15335.748,-7.4,6.8,14.3,0.00,0.58
15340.767,-4.2,-3.0,8.4,0.00,0.34
15345.790,-4.2,-1.3,7.3,0.00,0.73
15351.021,-4.0,-1.0,7.0,0.00,0.54
15356.574,-4.6,0.2,8.2,0.00,0.94
15362.033,5.7,-2.3,10.1,0.00,1.04
15367.672,11.8,-7.2,12.8,0.97,1.14
15374.023,17.1,-12.2,12.8,0.00,0.32
15379.045,19.2,-11.6,12.3,0.00,0.80
15386.016,18.8,-10.9,10.8,0.00,0.48
15392.029,21.9,-13.3,9.3,0.90,1.04
15397.814,30.8,-18.2,11.8,0.00,0.52
15402.835,33.4,-18.7,11.9,0.00,0.47
15407.855,33.0,-18.3,11.7,0.00,0.38
15412.876,32.8,-18.0,12.1,0.00,0.19
15417.891,32.5,-17.9,11.8,0.00,0.55
15422.910,32.5,-17.9,12.0,0.00,0.87
15427.935,32.5,-17.9,11.5,0.00,0.24
15432.955,33.5,-17.6,11.5,0.00,0.43
15437.969,36.4,-19.0,12.2,0.00,0.37
15442.978,36.4,-18.5,12.6,0.00,0.24
15447.981,36.1,-18.2,12.0,0.00,0.47
15452.986,35.9,-18.1,11.8,0.00,0.18
15457.999,35.5,-17.8,12.2,0.00,0.39
15463.010,35.3,-17.7,12.1,0.00,0.37
15468.026,35.3,-17.8,12.1,0.00,0.89
15473.049,35.0,-17.7,11.7,0.00,0.55
15478.068,34.6,-17.5,11.9,0.00,0.15
15483.090,34.2,-17.4,11.9,0.00,0.15
15488.119,33.6,-17.1,11.8,0.00,0.37
15493.144,33.1,-16.9,12.3,0.00,0.16
15498.166,32.9,-16.9,13.0,0.00,0.13
15503.186,32.8,-16.8,13.3,0.00,0.10
19801.386,55.2,-33.2,20.7,0.00,0.13
19806.430,61.8,-33.8,10.6,0.00,0.17
19811.450,60.1,-34.5,8.3,0.00,0.08
19816.465,60.3,-34.3,7.4,0.00,0.09
19821.486,59.8,-33.6,7.3,0.00,0.18
19826.511,59.4,-33.3,7.9,0.00,0.11
19833.045,59.3,-33.2,7.7,0.00,0.14
19839.039,59.3,-33.2,7.9,0.00,0.09
19845.104,59.3,-33.2,7.4,0.00,0.16
19851.030,54.6,-31.5,6.7,0.00,0.15
19858.020,53.8,-31.2,6.7,0.00,0.30
19864.029,52.7,-30.8,11.3,0.00,0.22
19870.113,52.8,-30.9,11.3,0.00,0.16
19875.497,52.3,-30.6,11.5,0.00,0.31
19881.125,52.3,-30.6,11.3,0.00,0.10
19887.031,52.4,-30.6,11.4,0.00,0.07
19893.018,52.3,-30.5,11.3,0.00,0.11
19899.023,52.4,-30.5,11.5,0.00,0.11
19905.025,52.3,-30.5,11.5,0.00,0.13
19910.040,52.1,-30.4,11.1,0.00,0.08
19915.517,52.2,-30.5,11.2,0.00,0.14
19920.537,52.3,-30.4,11.2,0.00,0.09
19925.560,52.3,-30.4,11.0,0.00,0.09
19930.579,52.4,-30.5,11.5,0.00,0.07
19935.594,52.6,-30.5,11.1,0.00,0.08
19940.614,52.9,-30.6,11.4,0.00,0.09
19945.638,53.0,-30.6,11.2,0.00,0.20
19950.654,53.0,-30.6,11.0,0.00,0.20
19955.678,53.0,-30.6,10.9,0.00,0.10
19960.692,52.9,-30.6,10.9,0.00,0.09
19965.714,52.8,-30.6,11.1,0.00,0.09
19971.013,52.3,-30.4,12.1,0.00,0.15
19976.518,52.2,-30.3,12.1,0.00,0.09
20871.617,88.1,-34.0,28.3,0.00,0.33
20876.642,85.6,-33.8,18.6,0.00,0.14
20881.664,91.7,-35.4,15.1,0.00,0.30
20887.060,90.6,-34.7,18.1,0.00,0.85
20892.151,89.0,-34.2,16.4,0.00,0.31
20897.168,88.4,-34.1,15.4,0.00,0.64
20903.035,85.8,-33.3,14.1,0.00,0.57
20908.116,84.2,-32.9,11.7,0.00,0.54
20914.046,83.4,-32.7,10.0,0.00,0.63
20919.134,81.3,-32.1,10.8,0.00,0.66
20924.249,80.3,-31.8,11.3,0.00,0.51
20929.271,80.0,-31.7,12.6,0.00,0.43
20934.292,79.0,-31.4,14.1,0.00,0.23
20939.309,78.0,-31.1,13.8,0.00,0.30
20944.334,76.8,-30.8,13.0,0.00,0.20
20949.349,75.9,-30.6,13.7,0.00,0.16
20954.649,74.7,-30.3,13.9,0.00,0.47
20960.789,73.3,-29.9,13.7,0.00,0.39
20966.639,71.5,-29.5,14.4,0.00,0.45
20972.519,69.7,-28.9,13.8,0.00,0.71
20978.315,68.3,-28.6,12.8,0.00,0.47
20983.810,30.0,-19.8,13.2,0.61,1.01
20989.133,28.1,-18.8,13.6,1.01,1.15
20994.248,27.2,-18.5,12.9,0.00,0.25
20999.504,29.3,-18.9,12.2,0.00,0.25
21005.105,28.5,-18.7,12.2,0.00,0.33
21010.862,28.2,-18.6,12.4,0.00,0.18
21016.060,28.0,-18.5,12.8,0.00,0.18
21021.098,27.8,-18.5,12.5,0.00,0.12
21027.040,27.7,-18.4,12.5,0.00,0.17
21033.271,27.6,-18.4,12.4,0.00,0.15
21039.200,27.6,-18.4,13.4,0.00,0.25
21045.130,27.4,-18.3,13.5,0.00,0.16
24065.134,60.2,-19.4,25.9,0.00,0.39
24071.026,43.9,-17.8,11.9,0.00,0.16
24076.501,43.2,-18.7,8.4,0.00,0.10
24081.521,41.9,-18.3,7.9,0.00,0.28
24087.026,41.4,-18.0,6.4,0.00,0.17
24092.334,41.6,-17.9,5.9,0.00,0.16
24098.237,41.7,-17.9,6.4,0.00,0.24
24104.113,41.7,-17.9,6.0,0.00,0.13
24109.502,41.7,-17.9,6.2,0.00,0.49
24114.562,41.7,-17.9,6.7,0.00,0.21
24120.079,41.7,-17.9,5.7,0.00,0.32
24125.641,39.1,-16.7,11.5,0.00,0.31
24131.104,39.0,-16.7,11.6,0.00,0.29
24137.015,38.8,-16.6,11.3,0.00,0.13
24143.028,39.0,-16.7,11.4,0.00,0.16
24148.528,38.7,-16.6,11.5,0.00,0.31
24153.544,38.1,-16.3,11.6,0.00,0.37
24158.568,37.6,-16.1,11.7,0.00,0.18
24163.590,37.5,-16.0,11.6,0.00,0.38
24168.611,37.6,-16.1,11.2,0.00,0.28
24173.628,54.6,-26.1,11.1,0.00,0.13
24178.652,55.3,-26.5,11.3,0.00,0.09
24183.676,55.2,-26.2,11.2,0.00,0.11
24188.699,55.1,-26.1,11.3,0.00,0.09
24193.718,54.8,-26.0,11.6,0.00,0.11
24198.735,54.8,-26.0,11.6,0.00,0.22
24203.755,54.8,-26.0,11.5,0.00,0.13
24208.782,54.8,-26.0,11.1,0.00,0.15
24213.808,54.8,-26.0,11.1,0.00,0.08
24218.834,54.7,-26.0,11.1,0.00,0.11
24223.857,54.7,-25.9,11.1,0.00,0.10
24228.883,54.5,-25.9,11.0,0.00,0.11
24233.908,54.5,-25.9,11.2,0.00,0.12
24238.931,54.5,-25.8,11.4,0.00,0.10
24243.948,54.5,-25.8,11.4,0.00,0.18
24248.965,54.5,-25.8,11.2,0.00,0.08
24253.975,54.5,-25.8,11.4,0.00,0.07
24258.985,54.5,-25.8,11.2,0.00,0.08
24264.004,54.4,-25.8,11.0,0.00,0.07
30914.166,59.0,-27.1,16.8,0.00,0.25
30919.681,65.5,-26.9,7.9,0.00,0.08
30925.109,61.1,-25.0,7.9,0.00,0.09
30930.125,54.3,-23.6,8.2,0.00,0.14
30936.017,52.8,-23.3,6.5,0.00,0.09
30943.116,47.5,-22.0,7.2,0.00,0.20
30948.132,45.8,-21.4,7.2,0.00,0.19
30953.707,44.1,-20.8,6.4,0.00,0.12
30959.148,42.9,-20.5,6.3,0.00,0.12
30964.670,42.9,-20.4,6.5,0.00,0.21
30970.030,42.3,-20.2,6.4,0.00,0.20
30975.053,42.2,-20.2,11.9,0.00,0.19
30982.007,42.1,-20.2,12.4,0.00,0.16
30987.610,41.6,-20.0,11.9,0.00,0.19
30993.061,41.0,-19.9,11.9,0.00,0.25
30998.751,40.0,-19.6,12.1,0.00,0.26
31004.519,39.1,-19.3,12.3,0.00,0.37
31010.376,39.0,-19.3,13.0,0.00,0.16
31016.171,39.0,-19.3,12.1,0.00,0.08
31022.103,39.0,-19.3,12.1,0.00,0.25
31029.113,39.1,-19.4,12.3,0.00,0.27
31035.013,39.1,-19.4,11.9,0.00,0.23
31040.156,39.2,-19.4,11.9,0.00,0.90
31045.177,39.3,-19.4,11.9,0.00,0.24
31050.194,39.3,-19.5,11.5,0.00,0.13
31055.213,39.4,-19.5,11.1,0.00,0.21
31060.235,39.3,-19.5,11.4,0.00,0.09
31065.260,39.0,-19.4,12.2,0.00,0.14
31070.280,38.7,-19.3,12.4,0.00,0.09
31076.756,38.8,-19.3,11.8,0.00,0.30
31082.320,38.8,-19.3,11.3,0.00,0.24
31088.140,38.8,-19.4,11.5,0.00,0.50
31093.157,38.9,-19.4,11.4,0.00,0.25
31099.110,38.7,-19.4,11.7,0.00,0.24
31104.441,37.9,-19.2,12.4,0.00,0.08
31110.001,37.6,-19.1,12.2,0.00,0.17
31116.145,37.6,-19.1,11.6,0.00,0.17
31121.159,37.5,-19.1,11.8,0.00,0.22
31127.174,37.4,-19.1,11.8,0.00,0.13
31134.048,37.4,-19.1,11.4,0.00,0.24
31140.011,37.5,-19.1,11.4,0.00,0.30
31145.017,37.5,-19.1,11.1,0.00,0.47
31151.005,37.4,-19.1,11.6,0.00,0.18
31157.032,37.0,-19.0,12.1,0.00,0.10
31163.259,37.1,-19.0,12.0,0.00,0.36
31170.008,36.6,-18.9,12.2,0.00,0.13
31176.020,36.7,-19.0,11.8,0.00,0.20
31181.475,35.8,-18.7,12.2,0.00,0.14
31187.011,35.5,-18.6,12.1,0.00,0.10
31193.029,35.5,-18.6,11.8,0.00,0.12
31199.019,35.3,-18.6,12.0,0.00,0.30
31204.203,35.4,-18.7,11.5,0.00,0.14
31210.010,35.5,-18.7,11.2,0.00,0.19
31215.045,35.0,-18.5,11.7,0.00,0.20
31220.453,35.0,-18.5,12.5,0.00,0.31
31798.720,61.9,-29.7,23.4,0.00,0.55
31803.744,59.6,-28.9,9.6,0.00,0.12
31808.761,54.5,-27.5,7.9,0.00,0.15
31814.411,54.8,-27.4,6.0,0.00,0.29
31820.024,53.0,-26.9,5.5,0.00,0.08
31826.011,51.4,-26.6,5.3,0.00,0.12
31831.245,51.5,-26.6,5.1,0.00,0.15
31838.018,51.5,-26.6,5.0,0.00,0.08
31844.013,51.5,-26.6,4.6,0.00,0.09
31849.624,51.5,-26.6,4.4,0.00,0.12
31854.645,51.5,-26.6,4.4,0.00,0.08
31860.311,50.7,-26.3,10.4,0.00,0.11
31866.001,50.4,-26.2,10.5,0.00,0.08
31872.012,50.4,-26.2,10.3,0.00,0.07
31878.009,50.5,-26.2,10.2,0.00,0.08
31884.009,50.2,-26.1,10.8,0.00,0.16
31889.490,49.6,-26.0,10.9,0.00,0.12
31895.017,49.3,-25.9,10.6,0.00,0.07
31901.003,48.3,-25.6,10.5,0.00,0.07
31907.021,47.5,-25.3,10.5,0.00,0.12
31913.113,47.2,-25.3,10.5,0.00,0.14
31918.993,47.2,-25.3,10.3,0.00,0.18
31924.500,47.3,-25.4,10.2,0.00,0.07
31930.000,47.3,-25.4,10.2,0.00,0.07
31936.007,47.1,-25.4,10.4,0.00,0.08
31942.037,47.0,-25.4,10.4,0.00,0.07
31948.090,56.5,-28.5,11.6,0.00,0.08
31953.365,56.4,-28.5,11.3,0.00,0.13
31959.018,56.0,-28.4,10.9,0.00,0.14
31964.249,56.2,-28.4,11.7,0.00,0.79
31969.286,56.4,-28.5,11.6,0.00,0.08
31974.299,56.3,-28.5,11.4,0.00,0.11
31979.309,55.6,-28.3,11.2,0.00,0.08
31984.317,54.9,-28.1,11.5,0.00,0.20
31989.335,54.9,-28.1,12.5,0.00,0.30
31994.348,54.9,-28.1,12.5,0.00,0.08
31999.376,54.6,-28.0,12.4,0.00,0.09
32004.388,54.4,-27.9,12.8,0.00,0.08
32009.401,53.5,-27.7,13.3,0.00,0.07
32014.429,52.0,-27.2,13.6,0.00,0.07
32019.442,51.9,-27.2,14.6,0.00,0.07
32024.461,52.0,-27.2,21.9,0.00,0.07
32029.482,52.0,-27.2,29.7,0.00,0.07
32054.527,52.2,-27.2,27.1,0.00,0.07
32060.544,52.3,-27.2,29.7,0.00,0.08
32065.561,51.9,-27.1,20.5,0.00,0.07
32070.576,51.3,-26.9,15.1,0.00,0.07
32075.595,50.5,-26.7,14.2,0.00,0.08
32080.611,50.4,-26.6,14.2,0.00,0.07
32085.630,50.5,-26.6,15.2,0.00,0.08
32090.652,50.5,-26.6,18.9,0.00,0.07
32095.677,50.5,-26.6,17.9,0.00,0.07
32100.702,50.5,-26.6,24.5,0.00,0.07
32105.724,50.6,-26.6,17.4,0.00,0.07
32110.746,50.6,-26.6,19.1,0.00,0.07
32115.763,50.7,-26.6,21.5,0.00,0.07
32120.783,50.7,-26.6,28.8,0.00,0.07
32151.298,50.7,-26.6,16.7,0.00,0.08
32156.316,50.5,-26.5,13.2,0.00,0.13
32161.324,50.5,-26.5,16.0,0.00,0.09
32166.341,50.5,-26.5,28.0,0.00,0.07
32176.067,50.5,-26.5,18.8,0.00,0.07
32181.074,50.5,-26.5,25.0,0.00,0.07
32204.646,51.5,-26.7,19.6,0.00,0.11
32209.666,47.0,-24.6,12.4,0.00,0.07
32214.682,45.6,-23.9,11.9,0.00,0.07
32219.703,45.0,-23.4,12.0,0.00,0.08
32224.721,50.9,-25.9,12.1,0.00,0.07
32229.739,54.0,-26.7,12.1,0.00,0.07
32234.754,53.8,-26.8,11.9,0.00,0.07
32239.776,53.4,-26.7,11.8,0.00,0.07
32244.791,54.6,-27.1,12.0,0.00,0.07
32249.807,56.9,-27.6,12.0,0.00,0.07
32254.828,59.3,-27.8,12.0,0.00,0.07
32259.850,59.9,-28.0,12.6,0.00,0.07
32264.871,59.9,-28.0,13.4,0.00,0.07
32269.891,59.9,-28.0,14.8,0.00,0.07
32274.901,59.9,-28.0,12.7,0.00,0.10
32279.925,60.1,-27.7,13.4,0.00,0.12
32284.946,59.7,-29.0,17.8,0.00,0.07
32289.956,60.2,-28.8,23.8,0.00,0.07
32294.970,60.1,-28.7,14.6,0.00,0.07
32299.984,60.1,-28.6,17.0,0.00,0.07
32304.996,60.1,-28.6,21.4,0.00,0.07
32310.013,60.2,-28.5,25.4,0.00,0.07
32315.030,60.2,-28.5,27.7,0.00,0.07
32320.050,60.2,-28.5,29.2,0.00,0.07
32325.069,60.0,-28.4,16.6,0.00,0.07
32330.091,59.8,-28.2,19.7,0.00,0.07
32335.109,59.8,-28.2,21.2,0.00,0.07
32340.129,59.7,-28.1,13.3,0.00,0.07
32345.146,59.7,-28.2,14.6,0.00,0.07
32350.167,59.7,-28.2,16.8,0.00,0.07
32355.190,59.7,-28.2,15.5,0.00,0.12
32360.207,59.7,-28.2,12.8,0.00,0.63
32365.225,59.7,-28.1,15.1,0.00,0.07
32370.243,59.7,-28.1,17.9,0.00,0.07
32375.259,59.7,-28.0,15.1,0.00,0.07
32380.276,59.7,-28.0,18.4,0.00,0.07
32385.297,59.6,-27.9,12.0,0.00,0.07
32390.318,57.4,-26.7,11.6,0.00,0.08
32395.334,57.1,-26.0,13.0,0.00,0.07
32400.355,57.2,-25.7,14.2,0.00,0.07
32405.375,57.1,-26.0,12.1,0.00,0.11
32410.397,57.1,-26.0,11.0,0.00,0.07
32415.420,55.6,-25.5,11.1,0.00,0.20
32420.441,54.1,-25.2,11.7,0.00,0.07
32425.457,53.6,-25.8,12.0,0.00,0.07
32430.481,53.6,-25.8,11.4,0.00,0.09
32435.503,52.4,-25.7,11.3,0.00,0.09
32440.525,49.3,-25.8,11.3,0.00,0.07
32445.541,46.9,-26.1,11.2,0.00,0.07
32450.559,46.4,-25.9,11.2,0.00,0.08
32455.581,46.3,-25.9,11.3,0.00,0.07
32460.600,46.3,-25.9,11.2,0.00,0.08
32465.623,46.3,-25.9,11.3,0.00,0.08
32470.655,46.2,-25.9,11.9,0.00,0.07
32475.704,46.1,-25.8,11.8,0.00,0.07
32480.723,45.7,-25.6,11.9,0.00,0.07
32485.749,45.6,-25.6,12.5,0.00,0.07
32490.768,45.5,-25.5,12.1,0.00,0.07
32495.788,45.4,-25.5,11.8,0.00,0.07
32500.810,45.4,-25.4,13.0,0.00,0.07
32505.832,45.3,-25.3,12.0,0.00,0.09
32510.852,45.3,-25.3,12.2,0.00,0.07
32515.872,45.3,-25.3,12.4,0.00,0.07
32520.895,45.3,-25.3,11.4,0.00,0.07
32525.917,45.3,-25.3,11.6,0.00,0.08
32530.949,45.2,-25.3,12.3,0.00,0.15
32535.955,45.1,-25.2,13.6,0.00,0.07
32540.966,45.0,-25.2,13.0,0.00,0.07
32545.980,45.0,-25.2,13.0,0.00,0.07
32550.999,44.9,-25.1,12.2,0.00,0.07
32556.021,44.7,-25.1,11.9,0.00,0.07
32561.040,44.6,-25.0,12.0,0.00,0.07
32566.061,44.4,-24.9,12.6,0.00,0.07
32571.081,44.2,-24.8,12.6,0.00,0.08
32576.102,44.2,-24.8,13.3,0.00,0.07
32581.111,43.4,-24.5,12.9,0.00,0.07
32586.130,43.2,-24.4,12.0,0.00,0.07
32591.151,43.0,-24.3,11.5,0.00,0.07
32596.172,42.9,-24.2,11.2,0.00,0.07
32601.191,42.9,-24.2,11.0,0.00,0.07
32606.205,42.8,-24.2,10.7,0.00,0.08
32611.221,42.5,-24.1,11.3,0.00,0.07
32616.241,42.2,-23.9,11.6,0.00,0.07
32621.257,41.9,-23.8,11.9,0.00,0.07
32626.275,41.8,-23.7,11.4,0.00,0.07
32631.294,41.7,-23.7,12.0,0.00,0.12
32636.308,42.5,-23.8,11.5,0.00,0.07
32641.331,42.5,-23.4,11.4,0.00,0.07
32646.346,41.4,-22.8,11.4,0.00,0.07
32651.363,40.7,-22.8,11.4,0.00,0.07
32656.380,39.7,-22.5,11.1,0.00,0.07
32661.392,39.2,-22.3,11.5,0.00,0.07
32666.414,39.1,-22.2,11.6,0.00,0.07
32671.435,39.0,-22.1,11.9,0.00,0.07
32676.458,38.6,-21.8,11.8,0.00,0.07
32681.479,38.8,-21.9,11.3,0.00,0.07
32686.498,38.6,-21.8,10.9,0.00,0.07
32691.521,38.3,-21.6,11.1,0.00,0.07
32696.541,38.2,-21.6,11.7,1.87,0.76
32701.559,37.7,-21.4,11.7,0.00,0.07
32706.580,36.7,-20.8,10.8,0.00,0.07
32711.602,36.4,-20.4,11.3,0.00,0.07
32716.619,36.3,-20.3,11.5,0.00,0.16
32721.634,36.3,-20.3,12.3,0.00,0.21
32726.653,36.2,-20.2,11.8,0.00,0.08
32731.673,36.1,-20.1,12.7,0.00,0.08
32736.695,36.0,-20.2,15.3,0.00,0.10
32741.713,36.0,-20.2,20.6,0.00,0.08
32746.733,36.0,-20.2,24.1,0.00,0.07
32751.753,35.9,-20.2,12.9,0.00,0.07
32756.777,35.6,-20.0,12.9,0.00,0.07
32761.796,35.3,-19.9,12.7,0.00,0.07
32766.816,35.2,-19.9,11.5,0.00,0.07
32771.838,35.0,-19.8,11.7,0.00,0.12
32776.860,34.5,-19.7,12.5,3.13,1.17
32781.879,34.2,-19.1,14.3,0.00,0.11
32786.897,34.9,-19.1,13.4,0.00,0.11
32791.912,35.6,-18.9,12.3,0.00,0.08
32796.932,35.2,-18.7,12.9,0.00,0.07
32801.949,35.1,-18.6,13.8,0.00,0.09
32806.955,35.0,-18.5,12.9,0.00,0.07
32811.968,35.0,-18.5,12.9,0.00,0.13
32816.981,35.0,-18.5,13.7,0.00,0.08
32821.999,34.9,-18.5,15.5,0.00,0.08
32827.018,34.9,-18.5,17.4,0.00,0.07
32832.036,34.9,-18.5,14.2,0.00,0.12
32837.052,34.9,-18.5,14.5,0.00,0.08
32842.069,35.0,-18.5,17.1,0.00,0.08
32847.084,34.9,-18.5,15.4,0.00,0.09
32852.102,34.9,-18.5,16.1,0.00,0.07
32857.120,34.9,-18.5,15.1,0.00,0.10
32862.138,34.9,-18.5,12.9,0.00,0.12
32867.155,34.9,-18.5,14.9,0.00,0.07
32872.171,34.9,-18.4,20.1,0.00,0.08
32877.191,34.7,-18.4,26.7,0.00,0.13
32882.216,34.3,-18.2,17.4,0.00,0.07
32887.236,33.9,-18.0,15.8,0.00,0.07
32892.253,33.7,-17.8,15.5,0.00,0.08
32897.270,33.0,-17.6,14.8,0.00,0.07
32902.292,32.3,-17.4,14.3,0.00,0.10
32907.310,32.2,-17.4,14.8,0.00,0.12
32912.327,32.2,-17.4,14.7,0.00,0.13
32917.347,32.2,-17.4,15.9,0.00,0.10
32922.365,32.2,-17.4,13.6,0.00,0.08
32927.386,32.2,-17.4,13.5,0.00,0.13
32932.407,32.0,-17.3,14.2,0.00,0.08
32937.427,31.7,-17.3,13.8,0.00,0.09
32942.446,31.7,-17.2,12.9,0.00,0.13
32947.463,31.6,-17.2,12.9,0.00,0.08
32952.484,31.3,-17.1,12.7,0.00,0.08
32957.503,31.3,-17.1,13.0,0.00,0.13
32962.526,31.2,-17.1,13.3,0.00,0.11
32967.546,31.2,-17.1,13.2,0.00,0.15
32972.567,31.2,-17.1,15.1,0.00,0.09
32977.581,31.2,-17.1,15.0,0.00,0.10
32982.599,31.0,-17.0,15.0,0.00,0.07
32987.623,30.8,-16.9,13.3,0.00,0.08
32992.647,30.6,-16.9,13.5,0.00,0.11
32997.670,30.6,-16.8,13.6,0.00,0.13
33002.687,30.6,-16.8,14.5,0.00,0.12
33007.703,30.6,-16.8,15.9,0.00,0.09
33012.718,30.6,-16.8,16.1,0.00,0.09
33017.737,30.6,-16.8,17.6,0.00,0.07
33022.750,30.6,-16.8,14.6,0.00,0.08
33027.774,30.6,-16.8,14.8,0.00,0.07
33032.789,30.6,-16.8,13.4,0.00,0.08
33037.809,30.8,-17.2,13.5,0.00,0.08
33042.828,31.5,-17.6,12.9,0.00,0.11
33047.848,31.6,-17.9,13.4,0.00,0.15
33052.868,32.4,-17.6,13.4,0.00,0.15
33057.888,34.1,-17.7,13.0,1.01,1.05
33062.908,36.5,-19.0,13.6,0.00,0.08
33067.933,30.8,-17.7,14.9,0.00,0.12
33072.947,27.0,-15.8,18.5,0.00,0.15
33077.954,18.3,-15.6,15.9,0.00,0.10
33082.972,17.2,-15.8,19.6,0.00,0.08
33087.983,17.2,-15.8,19.7,0.00,0.08
33092.999,17.1,-15.8,14.5,0.00,0.08
33098.013,16.1,-16.3,14.1,0.00,0.23
33103.028,14.7,-16.5,14.1,0.00,0.08
33108.045,15.3,-16.5,12.8,0.00,0.17
33113.061,14.5,-16.3,14.8,0.00,0.09
33118.077,11.9,-15.8,18.8,0.00,0.09
33123.092,11.9,-15.7,18.1,0.00,0.08
33128.110,11.8,-15.7,15.2,0.00,0.11
33133.125,11.8,-15.7,14.3,0.00,0.09
33138.141,11.9,-15.7,16.0,0.00,0.10
33143.153,11.9,-15.7,14.0,0.00,0.10
33148.170,11.9,-15.7,12.5,0.00,0.22
33153.185,11.9,-15.7,13.2,0.00,0.08
33158.203,11.2,-15.5,17.0,0.00,0.09
33163.219,11.1,-15.5,18.0,0.00,0.07
33168.234,11.2,-15.5,18.0,0.00,0.26
33173.253,11.0,-15.3,14.8,0.00,0.34
33178.272,10.2,-14.8,15.4,0.00,0.14
33183.290,11.3,-13.9,17.2,0.00,0.08
33188.310,11.3,-13.8,19.4,0.00,0.07
33193.327,11.3,-13.8,17.6,0.00,0.10
33198.341,11.3,-13.8,17.3,0.00,0.10
33203.361,11.3,-13.8,14.1,0.00,0.08
33208.381,11.3,-13.8,16.1,0.00,0.09
33213.405,11.3,-13.8,18.8,0.00,0.08
33218.425,11.3,-13.8,15.2,0.00,0.08
33223.446,11.3,-13.8,15.4,0.00,0.19
33228.461,9.4,-13.4,14.2,0.00,0.22
33233.959,9.3,-13.3,12.9,0.00,0.18
33238.972,8.7,-13.2,12.5,0.00,0.24
33243.991,8.7,-13.2,12.9,0.00,0.09
33249.009,8.7,-13.2,13.7,0.00,0.11
33254.032,8.7,-13.2,14.0,0.00,0.25
33259.045,8.6,-13.2,15.0,0.00,0.12
33264.060,8.5,-12.6,14.6,0.00,0.09
33269.077,10.0,-12.1,14.7,0.00,0.11
33274.099,8.7,-11.6,16.2,0.00,0.08
33279.109,9.0,-11.4,17.4,0.00,0.18
33284.125,8.9,-11.4,22.3,0.00,0.21
33289.147,8.9,-11.4,24.9,0.00,0.10
33294.160,8.9,-11.4,28.0,0.00,0.10
33299.176,8.9,-11.4,25.0,0.00,0.14
33304.191,8.9,-11.4,17.8,0.00,0.08
33309.204,9.0,-11.4,21.1,0.00,0.14
33314.224,9.0,-11.4,18.5,0.00,0.09
33319.238,9.0,-11.4,23.6,0.00,0.10
33324.252,9.0,-11.4,26.6,0.00,0.09
33329.266,9.0,-11.4,29.3,0.00,0.08
33343.292,9.1,-11.4,28.7,0.00,0.15
33348.309,9.1,-11.4,28.7,0.00,0.09
33380.355,9.2,-11.4,29.2,0.00,0.09
33385.370,9.2,-11.5,28.2,0.00,0.09
33390.388,9.2,-11.5,29.3,0.00,0.09
33395.402,9.2,-11.5,25.8,0.00,0.09
33400.421,9.2,-11.5,28.0,0.00,0.07
33407.445,9.1,-11.5,23.9,0.00,0.09
33412.453,8.9,-11.4,20.8,0.00,0.08
33417.475,7.2,-10.9,18.9,0.00,0.08
33422.490,4.0,-10.1,16.3,0.00,0.16
33427.507,3.9,-10.1,15.1,0.00,0.11
33432.527,3.9,-10.1,15.1,0.00,0.11
33437.544,3.8,-10.1,16.4,0.00,0.10
33442.561,3.8,-10.1,17.1,0.00,0.08
33448.404,3.5,-10.0,14.2,0.00,0.14
33453.416,3.5,-9.9,14.1,0.00,0.08
33458.458,10.1,-11.7,12.7,0.00,0.09
33463.474,9.7,-11.6,13.1,0.00,0.07
33468.497,10.0,-11.1,12.9,0.00,0.17
33473.517,11.2,-10.5,12.9,0.00,0.08
33478.534,10.8,-10.0,13.5,0.00,1.09
33483.554,13.6,-9.6,13.2,0.00,0.14
33488.571,15.4,-8.9,13.8,0.00,0.10
33493.592,16.3,-9.0,15.0,0.00,0.08
33498.608,16.3,-9.0,14.2,0.00,0.08
33503.625,16.3,-9.0,14.2,0.00,0.08
33508.646,16.2,-9.0,14.4,0.00,0.09
33513.669,16.1,-8.9,13.9,0.00,0.10
33518.691,14.9,-8.6,14.2,0.00,0.10
33523.712,14.3,-8.4,14.0,0.00,0.08
33528.731,13.8,-8.2,13.6,0.00,0.56
33533.750,13.7,-8.1,13.9,0.00,0.15
33538.774,13.5,-8.0,13.4,0.00,0.23
33543.792,13.2,-7.9,14.6,0.00,0.08
33548.812,12.8,-7.8,14.0,0.00,0.09
33553.834,12.5,-7.7,12.6,0.00,0.09
33558.855,12.4,-7.6,12.3,0.00,0.18
33563.875,12.1,-7.5,12.3,0.00,0.07
33568.896,11.7,-7.3,12.8,0.00,0.07
33573.916,11.0,-7.1,12.9,0.00,0.10
33578.936,10.8,-7.0,12.8,0.00,0.10
33583.952,10.6,-6.6,13.2,0.00,0.11
33588.968,10.2,-6.1,12.7,0.00,0.09
33593.984,13.8,-7.6,13.3,0.00,0.11
33599.003,14.3,-7.7,13.8,0.00,0.09
33604.012,14.4,-7.8,13.7,0.00,0.17
33609.030,14.6,-7.7,12.7,1.08,1.07
33614.046,14.7,-7.4,13.9,0.00,0.19
33619.063,17.0,-8.5,14.2,0.00,0.07
33624.080,16.2,-8.2,13.2,0.00,0.07
33629.099,18.2,-9.1,13.5,0.00,0.11
33634.113,22.9,-10.1,13.7,0.00,0.10
33639.129,23.1,-9.9,13.5,0.00,0.25
33644.142,29.4,-11.8,13.4,0.00,0.28
33649.162,30.6,-12.0,15.5,1.84,0.97
33654.180,32.0,-12.6,18.9,0.00,0.09
33659.194,28.6,-12.4,20.5,0.00,0.07
33664.210,27.5,-11.8,17.0,0.00,0.07
33669.251,27.3,-11.7,15.1,0.00,0.09
33674.289,27.2,-11.7,15.0,0.00,0.08
33679.310,27.2,-11.7,13.6,0.00,0.07
33684.330,27.2,-11.8,12.0,0.00,0.17
33689.342,27.2,-11.8,11.7,0.00,0.11
33694.359,27.1,-11.8,13.7,0.00,0.08
33699.379,27.1,-11.8,16.0,0.00,0.07
33704.397,27.1,-11.8,15.6,0.00,0.08
33709.418,27.1,-11.8,17.6,0.00,0.07
33714.439,26.6,-11.7,15.1,0.00,0.09
33719.457,26.5,-11.6,14.2,0.00,0.17
33724.473,27.7,-12.2,14.2,0.00,0.14
33729.487,29.1,-12.8,14.6,0.00,0.12
33734.504,29.0,-12.8,13.7,0.00,0.09
33739.525,29.0,-12.8,14.2,0.00,0.07
33744.544,28.4,-12.7,13.1,0.00,0.08
33749.563,28.3,-12.7,13.2,0.00,0.08
33754.579,28.4,-12.7,12.4,0.00,0.10
33759.594,29.2,-13.6,12.8,0.00,0.18
33764.611,30.1,-14.4,13.3,0.00,0.08
33769.634,28.3,-14.5,14.0,0.00,0.08
33774.659,28.4,-14.6,13.6,0.00,0.07
33779.672,28.1,-14.4,14.4,0.00,0.08
33784.690,28.1,-14.4,13.7,0.00,0.07
33789.708,28.1,-14.4,13.3,0.00,0.07
33794.728,28.1,-14.5,12.2,0.00,0.09
33799.753,28.0,-14.5,12.4,0.00,0.07
33804.772,27.8,-14.4,12.7,0.00,0.07
33809.791,27.6,-14.3,12.5,0.00,0.07
33814.808,27.4,-14.2,13.3,0.00,0.07
33819.827,27.2,-14.2,13.5,0.00,0.07
33824.848,27.1,-14.3,13.0,0.00,0.09
33829.868,26.1,-14.5,13.5,0.00,0.07
33834.889,24.8,-14.1,12.3,0.00,0.07
33839.912,24.0,-14.0,12.1,0.00,0.07
33844.929,23.2,-13.7,12.3,0.00,0.08
33849.937,21.7,-13.2,12.9,0.00,0.08
33854.950,21.4,-13.1,14.9,0.00,0.13
33859.963,21.3,-13.1,16.5,0.00,0.07
33864.979,21.7,-13.2,15.7,1.55,0.81
33869.997,22.2,-12.3,15.7,0.00,0.07
33875.012,20.4,-13.2,14.3,0.00,0.07
33880.025,16.8,-12.1,14.0,0.00,0.07
33885.041,16.8,-12.1,14.8,0.00,0.07
33890.520,16.5,-11.9,14.7,0.00,0.10
33895.540,16.1,-12.0,14.6,1.04,1.35
33900.566,16.2,-12.1,14.4,0.00,0.08
33905.583,15.7,-12.0,15.4,0.00,0.08
33910.595,17.8,-12.6,13.9,0.00,0.07
33915.610,21.6,-13.4,12.5,0.00,0.29
33920.624,25.8,-14.3,11.8,0.00,0.11
33927.009,26.4,-14.5,11.2,1.37,0.84
33932.640,32.4,-15.4,11.4,0.00,0.22
33937.862,33.7,-16.2,11.2,0.00,0.08
33942.884,33.5,-16.1,11.1,0.00,0.16
33947.938,33.8,-16.2,10.9,0.00,0.38
33952.946,36.7,-18.1,11.1,0.00,0.13
33958.041,38.6,-19.3,10.9,0.00,0.20
33963.059,38.9,-19.8,10.7,0.00,0.13
33968.081,38.9,-19.8,10.8,0.00,0.23
33973.099,38.9,-19.8,10.8,0.00,0.23
33978.116,38.9,-19.8,10.7,0.00,0.15
33983.136,38.9,-19.8,10.6,0.00,0.29
33988.158,39.0,-19.8,10.5,0.00,0.15
33993.184,40.2,-20.5,10.8,0.00,0.08
33998.204,45.3,-22.7,10.9,0.00,0.18
34003.221,48.3,-24.0,10.7,0.00,0.14
34008.246,48.4,-24.4,10.5,0.00,0.23
34013.267,48.3,-24.4,10.7,0.00,0.12
34018.288,48.0,-24.1,10.8,0.00,0.11
34023.311,47.9,-23.9,11.1,0.00,0.29
34028.332,47.9,-23.9,10.8,0.00,0.18
34033.341,47.9,-23.9,10.6,0.00,0.32
34038.355,47.9,-23.9,10.8,0.00,0.24
34043.377,47.8,-23.9,10.9,0.00,0.26
34048.400,47.6,-23.8,11.3,0.00,0.30
34053.416,47.6,-23.8,11.0,0.00,0.18
34058.438,47.6,-23.8,10.8,0.00,0.15
34063.464,47.6,-23.8,11.0,0.00,0.28
34068.482,47.6,-23.8,10.7,0.00,0.15
34073.509,47.5,-23.8,10.6,0.00,0.15
34078.528,47.6,-23.9,10.6,0.00,0.08
34083.548,47.6,-23.8,10.9,0.00,0.09
34088.569,47.6,-23.8,10.7,0.00,0.20
34093.586,47.6,-23.9,10.8,0.00,0.11
34098.611,47.6,-23.9,10.8,0.00,0.11
34362.687,47.6,-23.9,10.8,0.00,0.11
34406.208,15.7,-2.2,24.4,0.00,0.55
34411.856,7.4,2.4,18.4,0.00,0.25
34416.869,15.0,-0.8,20.3,0.00,0.08
34421.882,16.3,-1.5,23.6,0.00,0.09
34426.904,16.3,-2.0,28.1,0.00,0.09
34431.924,13.3,0.6,23.8,0.00,0.09
34436.938,14.6,1.2,23.5,0.00,0.10
34441.946,14.6,2.0,19.4,0.00,0.09
34446.957,14.3,2.0,17.6,0.00,0.08
34451.967,13.5,2.1,17.5,0.00,0.08
34456.977,11.2,2.8,19.0,0.00,0.13
34461.989,10.5,2.3,20.0,0.00,0.08
34467.007,10.6,2.1,21.3,0.00,0.07
34472.018,10.8,1.9,22.7,0.00,0.09
34477.037,10.8,1.9,17.3,0.00,0.08
34482.058,10.8,1.8,15.4,0.00,0.08
34487.075,13.2,1.0,15.7,0.00,0.08
34492.095,16.1,-0.3,15.1,0.00,0.08
34497.117,16.8,-1.0,15.7,0.00,0.08
34502.134,16.9,-1.0,13.9,0.00,0.08
34507.151,16.9,-1.0,14.6,0.00,0.08
34512.173,18.3,-1.9,28.7,0.00,0.07
34517.189,18.3,-1.9,28.5,0.00,0.08
34522.208,18.4,-2.0,24.5,0.00,0.08
34527.226,20.1,-3.4,14.6,1.66,1.21
34532.412,31.8,-12.2,14.2,0.00,0.50
34537.422,31.8,-12.5,18.4,0.00,0.72
34542.441,32.4,-12.9,23.5,0.00,0.88
34548.010,32.6,-13.0,21.9,0.00,1.03
42349.052,40.1,-22.9,26.8,,
42354.555,46.5,-19.9,23.0,,
42359.568,53.1,-9.2,17.9,,
42364.581,44.1,-19.1,18.4,,
42369.596,36.1,-24.0,10.7,,
42374.985,40.2,-25.8,10.8,0.00,6.29
42380.000,41.1,-21.9,14.8,1.58,6.81
42385.027,37.5,-17.0,20.2,0.00,2.58
42390.046,44.9,-19.6,14.0,0.00,1.98
42395.055,43.1,-21.7,13.2,0.00,2.89
42400.075,44.5,-22.6,12.4,0.00,0.82
42405.084,44.3,-22.5,15.0,0.00,0.46
42410.101,45.3,-22.8,14.2,0.00,0.73
42415.117,45.2,-22.8,12.9,0.00,0.39
42420.133,45.7,-23.1,13.9,0.00,0.62
42425.918,45.7,-23.1,12.7,0.00,0.98
42430.950,46.2,-23.1,13.8,0.00,1.38
42435.974,46.2,-23.2,11.7,0.00,0.85
42441.577,46.4,-23.3,13.4,0.00,0.89
42447.450,46.6,-23.4,15.9,0.00,1.17
42452.473,46.6,-23.5,20.7,0.00,1.25
42457.490,46.7,-23.6,14.7,0.00,1.09
42462.511,46.6,-23.6,14.6,0.00,0.62
42467.590,46.8,-23.6,13.7,0.00,0.70
42472.606,46.8,-23.7,16.3,0.00,0.58
42477.622,47.0,-23.7,14.4,0.00,0.70
42482.636,47.0,-23.7,15.4,0.00,0.51
42488.305,47.1,-23.7,14.3,0.00,0.36
42493.312,47.1,-23.7,11.4,0.00,0.45
42498.331,47.2,-23.7,12.6,0.00,0.53
42503.353,47.2,-23.7,11.4,0.00,0.31
42508.371,47.2,-23.7,13.4,0.00,0.62
42513.388,47.2,-23.8,12.5,0.00,0.55
42518.407,47.3,-23.8,13.3,0.00,0.37
42523.434,47.3,-23.8,12.6,0.00,0.41
42529.621,47.3,-23.9,12.6,0.00,0.38
42535.403,47.3,-23.9,11.7,0.00,0.49
42540.421,47.3,-23.9,13.1,0.00,0.42
42545.439,47.3,-23.9,11.6,0.00,0.34
42550.458,47.3,-23.9,11.5,0.00,0.21
42555.479,47.4,-23.9,12.3,0.00,0.39
42560.496,47.3,-23.9,11.3,0.00,0.51
42565.508,47.4,-23.9,13.9,0.00,0.38
42570.528,47.4,-24.0,11.8,0.00,0.51
42575.542,47.4,-24.0,13.4,0.00,0.27
42580.561,47.4,-24.0,14.3,0.00,0.28
42585.582,47.4,-24.0,14.2,0.00,0.25
42591.412,47.4,-23.9,12.0,0.00,0.32
42596.439,47.3,-23.9,13.8,0.00,0.38
42601.461,47.4,-24.0,12.3,0.00,0.32
42606.478,47.4,-24.0,14.5,0.00,0.42
42612.221,47.4,-23.9,14.1,0.00,0.46
42617.238,47.3,-23.9,15.9,0.00,0.42
42622.252,47.3,-23.9,13.7,0.00,0.17
42627.264,47.3,-23.9,15.1,0.00,0.27
42632.284,47.3,-23.8,13.8,0.00,0.12
42637.294,47.2,-23.8,15.5,0.00,0.16
42642.309,47.1,-23.7,15.2,0.00,0.12
42647.327,46.9,-23.6,15.5,0.00,0.08
42652.343,46.8,-23.6,13.7,0.00,0.19
42657.355,46.7,-23.5,15.7,0.00,0.28
42662.367,46.7,-23.5,15.1,0.00,0.31
42667.379,46.7,-23.5,15.9,0.00,0.39
42672.402,46.8,-23.6,13.2,0.00,0.34
42677.416,46.8,-23.6,15.0,0.00,0.43
42682.432,46.8,-23.6,12.6,0.00,0.36
42687.452,46.8,-23.6,13.7,0.00,0.31
42692.469,46.8,-23.6,12.8,0.00,0.35
42697.483,46.8,-23.6,14.9,0.00,0.28
42702.504,46.9,-23.6,14.9,0.00,0.39
42707.525,46.8,-23.6,20.3,0.00,0.45
42712.542,46.9,-23.6,15.0,0.00,0.42
42717.558,46.9,-23.6,12.3,0.00,0.17
42722.577,46.9,-23.6,12.8,0.00,0.22
42727.596,46.9,-23.6,12.7,0.00,0.30
42732.617,46.9,-23.6,14.2,0.00,0.27
42737.637,46.9,-23.6,12.3,0.00,0.27
42742.658,46.9,-23.6,13.9,0.00,0.31
42747.675,46.9,-23.6,13.3,0.00,0.33
42752.694,46.9,-23.6,15.5,0.00,0.24
42757.720,46.9,-23.6,13.5,0.00,0.28
42762.741,46.9,-23.6,14.7,0.00,0.32
42767.757,47.0,-23.7,12.5,0.00,0.30
42772.776,47.0,-23.7,13.9,0.00,0.30
42777.797,47.0,-23.7,15.5,0.00,0.34
42782.818,47.0,-23.7,18.0,0.00,0.29
42787.827,47.0,-23.7,13.6,0.00,0.28
42792.843,47.0,-23.7,15.9,0.00,0.24
42797.857,47.1,-23.7,14.4,0.00,0.31
42802.878,47.1,-23.7,14.9,0.00,0.51
42807.899,47.1,-23.7,13.5,0.00,0.28
42812.923,47.1,-23.7,14.9,0.00,0.32
42817.944,47.1,-23.7,14.2,0.00,0.32
42822.964,47.1,-23.7,12.4,0.00,0.30
42827.989,47.1,-23.7,13.7,0.00,0.32
42833.014,47.1,-23.7,14.0,0.00,0.25
42838.028,47.1,-23.7,17.6,0.00,0.37
42843.037,47.1,-23.7,13.3,0.00,0.21
42848.049,47.1,-23.7,14.6,0.00,0.29
42853.066,47.1,-23.7,14.6,0.00,0.33
42858.078,47.0,-23.7,20.1,0.00,0.27
42863.101,47.0,-23.7,13.5,0.00,0.20
42868.111,47.0,-23.7,14.5,0.00,0.47
42873.127,47.0,-23.7,14.2,0.00,0.26
42878.142,47.0,-23.7,18.1,0.00,0.25
42883.158,47.0,-23.7,15.9,0.00,0.20
42888.171,47.0,-23.7,14.9,0.00,0.51
42893.185,47.0,-23.7,13.7,0.00,0.30
42898.199,47.0,-23.7,13.9,0.00,0.30
42903.215,47.0,-23.7,13.3,0.00,0.24
42908.230,47.0,-23.7,12.1,0.00,0.46
42913.245,47.0,-23.7,16.7,0.00,0.30
42918.261,47.0,-23.7,14.4,0.00,0.36
42923.277,47.0,-23.7,15.3,0.00,0.32
42928.295,47.0,-23.7,12.7,0.00,0.28
42933.306,47.0,-23.7,17.6,0.00,0.32
42938.317,47.0,-23.7,18.5,0.00,0.35
42943.330,47.0,-23.7,23.9,0.00,0.41
42948.348,47.0,-23.7,13.5,0.00,0.25
42953.363,47.0,-23.7,13.4,0.00,0.26
42958.380,47.0,-23.7,11.9,0.00,0.22
42963.401,47.0,-23.7,13.5,0.00,0.35
42968.424,47.0,-23.7,14.5,0.00,0.21
42973.442,47.0,-23.7,14.6,0.00,0.54
42978.455,47.0,-23.7,13.1,0.00,0.49
42983.471,47.0,-23.7,15.9,0.00,0.60
42988.486,47.0,-23.7,13.1,0.00,0.47
42993.503,47.0,-23.7,13.2,0.00,0.50
42998.520,47.0,-23.7,12.5,0.00,0.49
43003.529,47.0,-23.7,12.3,0.00,0.24
43008.547,47.0,-23.7,12.0,0.00,0.68
43013.570,47.0,-23.7,11.8,0.00,0.43
43018.585,47.0,-23.7,14.1,0.00,0.34
43023.599,47.0,-23.7,14.3,0.00,0.28
43028.616,47.0,-23.7,17.3,0.00,0.32
43033.631,47.0,-23.7,14.5,0.00,0.25
43038.650,47.0,-23.7,17.0,0.00,0.26
43043.665,47.0,-23.7,13.9,0.00,0.16
43048.885,47.1,-23.7,14.5,0.00,0.23
43053.900,47.1,-23.7,14.4,0.00,0.36
43058.918,47.1,-23.7,19.8,0.00,0.47
43064.551,47.0,-23.7,21.6,0.00,0.72
43070.971,47.1,-23.7,13.5,0.00,0.30
43075.986,47.1,-23.7,13.7,0.00,0.49
43081.002,47.1,-23.7,12.2,0.00,0.23
43086.018,47.1,-23.7,14.0,0.00,0.46
43091.033,47.1,-23.7,14.5,0.00,0.53
43096.039,47.1,-23.7,13.1,0.00,0.32
43101.049,47.1,-23.7,14.7,0.00,0.46
43106.068,47.1,-23.7,12.0,0.00,0.39
43111.084,47.1,-23.7,12.4,0.00,0.31
43116.101,47.1,-23.7,12.1,0.00,0.39
43121.118,47.1,-23.7,12.7,0.00,0.51
43126.135,47.1,-23.7,12.8,0.00,0.45
43131.148,47.1,-23.7,18.4,0.00,0.37
43136.170,47.1,-23.7,14.8,0.00,0.22
43141.189,47.1,-23.7,14.3,0.00,0.21
43146.211,47.2,-23.7,14.1,0.00,0.26
43151.229,47.2,-23.7,17.1,0.00,0.24
43156.240,47.2,-23.7,13.1,0.00,0.14
43161.255,47.2,-23.7,15.5,0.00,0.33
43166.271,47.2,-23.7,16.8,0.00,0.34
43171.289,47.2,-23.7,16.1,0.00,0.51
43176.308,47.2,-23.8,18.3,0.00,0.34
43181.317,47.2,-23.7,14.5,0.00,0.31
43186.340,47.2,-23.7,20.2,0.00,0.30
43191.741,47.2,-23.7,19.0,0.00,0.52
43196.762,47.2,-23.7,15.0,0.00,0.38
43203.293,47.2,-23.8,14.0,0.00,0.81
43208.307,47.2,-23.8,22.2,0.00,0.67
43213.322,47.2,-23.8,17.1,0.00,0.43
43218.344,47.2,-23.8,23.6,0.00,0.49
43223.354,47.2,-23.8,17.1,0.00,0.38
43228.367,47.2,-23.8,22.6,0.00,0.34
43233.380,47.2,-23.8,24.0,0.00,0.31
43238.393,47.2,-23.8,24.8,0.00,0.50
43243.406,47.2,-23.8,14.9,0.00,0.27
43248.421,47.2,-23.8,13.9,0.00,0.43
43253.436,47.2,-23.8,15.6,0.00,0.39
43258.451,47.2,-23.8,13.9,0.00,0.44
43263.467,47.2,-23.8,17.1,0.00,0.53
43268.482,47.2,-23.8,14.7,0.00,0.35
43273.499,47.2,-23.8,15.6,0.00,0.21
43278.509,47.2,-23.8,14.5,0.00,0.31
43283.531,47.2,-23.8,13.9,0.00,0.49
43288.550,47.3,-23.8,13.1,0.00,0.36
43293.564,47.3,-23.8,15.5,0.00,0.27
43298.589,47.3,-23.8,14.2,0.00,0.14
43303.607,47.3,-23.8,15.2,0.00,0.46
43308.616,47.3,-23.8,13.8,0.00,0.37
43313.640,47.3,-23.8,15.4,0.00,0.50
43318.661,47.3,-23.8,15.9,0.00,0.30
43323.681,47.3,-23.8,17.8,0.00,0.30
43328.701,47.3,-23.8,15.9,0.00,0.36
43333.724,47.3,-23.8,19.9,0.00,0.53
43338.739,47.3,-23.8,18.9,0.00,0.34
43344.872,47.3,-23.8,22.1,0.00,0.32
43349.890,47.3,-23.8,19.6,0.00,0.51
43354.906,47.3,-23.8,14.8,0.00,0.44
43359.925,47.3,-23.8,26.4,0.00,0.56
43394.002,47.3,-23.8,20.9,0.00,0.40
44677.653,77.2,-56.3,27.9,0.00,1.15
44682.697,75.8,-63.6,24.0,0.00,1.06
44687.715,75.4,-64.2,24.9,0.00,0.92
44692.737,75.5,-64.6,28.6,0.00,0.89
44697.761,75.5,-64.7,28.4,0.00,1.36
44718.817,74.8,-65.5,29.2,0.00,0.91
45120.370,70.6,-69.0,29.5,0.00,0.46
45125.437,70.6,-69.0,26.9,0.00,0.51
45130.457,70.7,-69.0,27.9,0.00,0.51
45307.785,70.1,-66.5,29.0,0.00,0.51
45312.815,68.0,-66.3,25.8,0.00,0.61
45317.840,68.1,-66.4,27.6,0.00,0.73
45322.865,68.1,-66.5,19.7,0.00,0.94
45327.886,68.2,-66.6,17.2,0.00,0.82
45332.909,68.3,-66.6,15.8,0.00,1.00
45337.932,68.3,-66.7,15.9,0.00,0.42
45342.957,68.3,-66.7,17.3,0.00,0.67
45347.978,68.4,-66.7,17.2,0.00,0.48
45353.005,68.4,-66.7,16.1,0.00,0.91
45358.025,68.4,-66.7,23.9,0.00,0.52
45366.042,68.4,-66.7,28.6,0.00,0.63
45371.049,68.4,-66.7,26.9,0.00,0.89
45402.085,83.0,-66.7,27.9,0.00,0.87
45407.107,83.9,-66.7,28.8,0.00,0.52
45412.124,84.4,-66.7,26.5,0.00,0.68
45417.145,84.8,-66.7,26.7,0.00,1.11
45559.353,85.4,-69.9,29.1,0.00,1.38
45564.387,85.0,-69.8,26.4,0.00,1.16
45569.406,84.4,-68.1,19.1,0.00,1.30
45574.416,84.7,-68.0,27.4,0.00,1.48
45579.435,84.2,-68.5,23.5,0.00,1.15
45584.445,84.4,-68.4,17.1,0.00,1.10
45589.467,84.1,-68.6,13.4,0.00,1.12
45594.490,84.2,-68.8,14.0,0.00,0.90
45599.502,82.7,-70.1,16.1,0.00,0.77
45604.522,84.2,-62.5,19.6,0.00,0.80
45609.536,84.0,-59.3,22.6,0.00,0.98
45614.553,79.6,-61.4,19.4,0.00,0.78
45619.574,77.9,-61.6,20.5,0.00,0.99
45624.592,77.3,-62.1,19.6,0.00,0.66
45629.610,77.2,-62.2,25.2,0.00,0.59
45634.633,75.1,-64.1,22.3,0.00,0.80
45639.655,75.1,-64.1,26.2,0.00,0.71
45647.673,74.7,-64.1,28.4,0.00,0.94
45652.699,75.1,-64.6,29.7,0.00,1.61
45741.847,75.5,-63.3,29.6,0.00,0.61
45746.885,75.5,-63.3,25.2,0.00,0.67
45751.905,75.4,-63.3,24.1,0.00,0.28
45756.929,75.6,-63.3,21.0,0.00,0.53
45761.953,75.6,-63.3,29.0,0.00,0.69
45766.972,75.9,-63.2,23.7,0.00,0.61
45771.993,76.0,-63.1,17.1,0.00,0.61
45777.016,76.1,-63.1,20.1,0.00,0.55
45782.031,76.4,-62.9,19.2,0.00,0.48
45787.041,76.6,-62.8,22.0,0.00,0.76
45858.122,74.5,-58.6,28.1,0.00,0.81
45863.136,74.6,-58.6,16.4,0.00,0.66
45868.159,74.6,-58.8,14.2,0.00,1.36
45873.174,74.6,-58.9,13.6,0.00,1.38
45878.193,74.7,-58.9,14.0,0.00,0.93
45883.204,74.8,-59.0,13.9,0.00,1.03
45888.211,74.9,-59.1,14.1,0.00,1.60
45893.227,75.0,-59.1,14.5,0.00,0.97
45898.238,75.0,-59.1,13.6,0.00,1.55
45903.257,74.8,-59.3,13.2,0.00,1.31
45908.278,74.8,-59.4,12.4,0.00,1.30
45913.291,74.9,-59.4,12.1,0.00,0.95
45918.305,75.0,-59.4,12.5,0.00,1.16
45923.326,75.0,-59.5,13.3,0.00,1.08
45928.344,75.0,-59.5,15.9,0.00,0.78
45933.363,75.0,-59.6,21.4,0.00,0.50
45938.382,75.0,-59.6,18.5,0.00,0.68
45943.403,75.0,-59.6,18.1,0.00,0.60
45948.421,75.0,-59.6,15.2,0.00,0.73
45953.477,75.0,-59.7,14.9,0.00,0.65
45958.497,75.0,-59.7,15.8,0.00,0.64
45963.511,75.0,-59.8,14.2,0.00,0.66
45968.527,75.1,-59.8,15.1,0.00,0.90
45973.540,75.1,-59.8,15.7,0.00,0.90
45978.554,75.1,-59.8,20.5,0.00,0.57
45983.581,75.0,-59.8,17.1,0.00,0.53
45988.603,75.1,-59.9,21.2,0.00,0.61
45993.624,75.1,-59.9,18.9,0.00,0.52
45998.633,75.1,-59.9,24.6,0.00,0.68
46003.650,75.1,-59.9,18.3,0.00,0.40
46008.670,75.2,-59.9,17.7,0.00,1.00
46013.682,75.2,-59.9,18.1,0.00,0.48
46018.796,75.2,-59.9,17.5,0.00,0.63
46024.671,75.2,-59.9,18.7,0.00,0.67
46030.219,75.2,-59.9,18.2,0.00,0.49
46036.139,75.2,-59.9,17.8,0.00,0.51
46041.266,75.2,-59.9,19.4,0.00,0.44
46046.458,75.2,-59.9,28.3,0.00,0.60
47085.377,33.2,-17.9,28.3,0.00,0.60
47091.108,34.4,-6.5,14.4,0.00,1.88
47096.555,32.9,-4.6,12.3,0.00,2.73
47102.585,15.3,0.3,12.4,6.80,3.92
47108.089,3.1,8.9,10.9,0.00,0.80
47113.557,-1.1,14.5,10.9,0.00,1.49
47118.596,-1.9,17.2,11.2,0.00,1.83
47125.153,-2.2,18.7,11.0,0.00,0.91
47131.219,-2.6,18.4,12.2,0.00,1.80
47137.085,-2.6,18.4,11.8,0.00,0.98
47143.101,-2.7,16.8,13.3,2.52,3.63
47149.092,-2.9,11.2,12.5,0.00,1.11
47154.097,-0.5,12.7,13.3,0.00,0.86
47159.112,0.8,12.7,12.0,0.00,0.26
47164.622,1.1,12.8,13.1,0.00,1.09
47169.842,1.1,12.5,12.8,0.00,0.57
47174.872,1.6,12.0,12.7,0.00,1.37
47179.888,1.7,12.0,12.6,0.00,1.13
47184.913,2.3,11.3,12.5,0.00,0.53
47190.862,2.5,11.1,12.8,0.00,0.49
47195.873,2.5,11.1,13.5,0.00,1.87
47200.896,2.3,11.0,13.2,0.00,1.55
47205.911,2.3,11.0,11.9,0.00,0.87
47210.936,2.2,10.9,11.2,0.00,1.02
47215.955,2.2,11.0,10.6,0.00,0.52
47220.970,2.0,11.0,11.5,0.00,0.76
47225.993,1.9,10.9,10.7,0.00,1.11
47231.011,1.9,10.9,11.2,0.00,0.83
47236.534,1.9,10.9,12.3,0.00,1.09
47244.073,1.9,10.9,13.6,0.00,1.08
47250.084,1.9,10.9,12.8,0.00,0.62
47257.099,1.8,10.9,13.2,0.00,0.81
47264.152,1.8,10.9,13.1,0.00,0.41
47271.186,1.8,10.9,13.6,0.00,0.78
47277.216,1.8,10.9,14.2,0.00,0.81
47283.131,1.8,10.9,13.5,0.00,0.51
47289.698,1.8,10.9,12.1,0.00,0.65
47294.718,1.8,10.9,11.5,0.00,0.38
47299.731,1.8,10.9,11.7,0.00,0.32
47304.753,1.8,10.9,12.1,0.00,0.36
47309.781,1.8,10.9,12.4,0.00,0.36
47314.811,1.8,10.9,11.7,0.00,0.68
47319.836,1.8,10.9,13.8,0.00,0.89
47324.858,1.8,10.9,13.2,0.00,0.42
47329.879,1.8,10.9,13.2,0.00,0.54
47334.908,1.8,10.8,13.8,0.00,0.36
47339.935,1.8,10.8,12.6,0.00,0.19
47344.963,1.7,10.8,13.2,0.00,0.31
47349.994,1.7,10.8,14.1,0.00,0.32
47355.012,1.7,10.8,13.6,0.00,0.47
47360.022,1.7,10.8,15.6,0.00,0.51
47365.039,1.7,10.8,14.3,0.00,0.27
47370.050,1.7,10.8,12.0,0.00,0.36
47375.056,1.8,10.8,12.5,0.00,0.49
47380.071,1.8,10.8,11.5,0.00,0.37
47385.084,1.8,10.8,10.9,0.00,0.36
47390.096,1.8,10.8,11.0,0.00,0.42
47395.111,1.8,10.8,10.7,0.00,0.39
47400.133,1.8,10.8,10.5,0.00,0.44
47405.149,1.7,10.8,11.3,0.00,0.47
47410.172,1.7,10.8,11.7,0.00,0.32
47415.191,1.7,10.8,11.4,0.00,0.45
47420.206,1.7,10.8,11.0,0.00,0.23
47425.224,1.7,10.8,11.7,0.00,0.23
47430.241,1.8,10.8,11.7,0.00,0.25
47435.261,1.8,10.9,11.3,0.00,0.28
47440.282,1.8,10.9,12.1,0.00,0.20
47445.302,1.8,10.9,12.1,0.00,0.21
47450.326,1.8,10.9,11.9,0.00,0.27
47455.351,1.8,10.9,12.8,0.00,0.45
47460.369,1.8,10.9,14.0,0.00,0.36
47465.372,1.8,10.9,13.2,0.00,0.58
47470.392,1.8,10.9,11.9,0.00,0.23
47475.411,1.8,10.9,11.3,0.00,0.40
47480.436,1.8,10.9,11.4,0.00,0.31
47485.456,1.8,10.9,12.2,0.00,0.41
47490.475,1.8,10.9,11.9,0.00,0.37
47495.495,1.8,10.9,11.8,0.00,0.57
47500.519,1.8,10.9,12.5,0.00,0.42
47505.544,1.8,10.9,12.1,0.00,0.46
47510.568,1.8,10.9,12.5,0.00,0.31
47515.590,1.8,10.9,11.3,0.00,0.21
47520.616,1.8,10.9,12.0,0.00,0.32
47525.637,1.9,10.7,12.0,0.00,0.40
47530.663,2.0,10.5,11.2,0.00,0.22
47535.690,2.0,10.6,11.2,0.00,0.43
47540.715,2.0,10.5,11.5,0.00,0.31
47545.737,2.1,10.6,11.8,0.00,0.44
47550.762,2.1,10.6,11.9,0.00,0.69
47555.788,2.1,10.6,13.1,0.00,0.88
47560.814,2.1,10.5,13.4,0.00,1.68
47565.837,2.1,10.5,12.3,0.00,1.27
47570.871,2.1,10.5,12.0,0.00,1.06
47575.892,2.1,10.5,12.0,0.00,0.85
47580.919,2.1,10.5,13.6,0.00,0.68
47585.943,2.1,10.5,12.8,0.00,1.09
47590.968,2.1,10.5,12.4,0.00,0.63
47595.995,2.1,10.5,12.8,0.00,0.71
47601.017,2.1,10.5,12.5,0.00,1.17
47606.616,2.1,10.5,12.2,0.00,0.93
47613.100,2.1,10.5,11.8,0.00,0.86
47619.082,2.2,10.6,13.6,0.00,1.41
47624.572,2.2,10.6,12.9,0.00,1.24
47630.282,2.2,10.6,12.9,0.00,1.42
47637.093,2.2,10.6,13.8,0.00,0.86
47642.275,2.2,10.6,13.9,0.00,0.82
47649.099,2.2,10.6,18.7,0.00,1.02
47655.101,2.2,10.6,15.9,0.00,0.73
47660.576,2.2,10.6,13.0,0.00,0.69
47665.594,2.2,10.6,12.9,0.00,1.36
47670.760,2.2,10.6,12.6,0.00,2.16
47676.084,2.2,10.6,13.6,0.00,1.31
47681.819,2.2,10.6,15.9,0.00,0.91
47688.076,2.2,10.6,15.0,0.00,0.89
47694.199,2.2,10.6,16.6,0.00,0.65
47699.725,2.2,10.6,16.9,0.00,0.78
47705.438,2.2,10.6,14.1,0.00,1.07
47710.925,2.2,10.5,13.5,0.00,1.99
47718.098,2.2,10.5,14.8,0.00,1.19
47724.083,2.2,10.5,14.7,0.00,1.23
47730.082,2.2,10.5,14.9,0.00,1.26
47736.082,2.2,10.5,13.7,0.00,1.02
47743.087,2.2,10.5,17.8,0.00,0.71
47748.132,2.2,10.5,18.0,0.00,0.74
47754.085,2.2,10.5,18.1,0.00,0.68
47759.589,2.2,10.5,14.1,0.00,0.37
47767.106,2.1,10.5,14.5,0.00,0.68
47773.233,2.1,10.5,14.7,0.00,0.58
47780.189,2.1,10.5,13.3,0.00,0.66
47786.093,2.2,10.5,14.1,0.00,0.74
47791.094,2.1,10.5,17.3,0.00,0.52
47797.084,2.1,10.5,15.1,0.00,0.71
47802.197,2.1,10.5,14.8,0.00,0.59
47808.273,2.1,10.5,14.6,0.00,0.62
47814.170,2.1,10.5,13.1,0.00,0.69
47821.086,2.1,10.5,14.6,0.00,0.68
47826.095,2.1,10.5,14.1,0.00,0.34
47833.106,2.0,10.5,13.0,0.00,0.70
47838.880,2.1,10.5,12.5,0.00,0.54
47844.100,2.1,10.5,11.6,0.00,1.06
47850.362,2.1,10.5,13.4,0.00,1.19
47855.794,2.1,10.5,13.5,0.00,0.81
47862.089,2.1,10.5,12.3,0.00,0.59
47867.092,2.1,10.5,12.4,0.00,0.74
47873.075,2.1,10.6,14.2,0.00,0.61
47879.093,2.1,10.5,14.6,0.00,0.43
47884.661,2.1,10.6,13.2,0.00,0.56
47889.685,2.1,10.6,12.9,0.00,0.77
47896.095,2.1,10.6,14.0,0.00,0.70
47902.151,2.1,10.6,13.1,0.00,0.85
47907.157,2.1,10.6,14.4,0.00,0.51
47912.318,2.1,10.6,15.1,0.00,0.83
47918.203,2.1,10.6,14.3,0.00,0.34
47924.120,2.1,10.6,13.8,0.00,0.42
47931.083,2.1,10.6,14.1,0.00,0.62
47937.191,2.1,10.6,12.6,0.00,0.92
47943.184,2.1,10.6,12.8,0.00,0.90
47949.147,2.1,10.6,15.3,0.00,0.39
47955.374,2.1,10.6,14.3,0.00,0.38
47962.077,2.2,10.6,14.3,0.00,0.57
47968.084,2.2,10.6,13.4,0.00,0.64
47975.077,2.2,10.6,12.5,0.00,0.82
47980.210,2.2,10.6,15.2,0.00,0.73
47986.114,2.2,10.6,14.9,0.00,0.57
47992.076,2.2,10.6,15.1,0.00,0.48
47998.083,2.2,10.6,15.5,0.00,0.40
48004.082,2.2,10.6,14.4,0.00,0.48
48010.224,2.2,10.6,14.2,0.00,0.42
48017.091,2.2,10.6,14.9,0.00,0.51
48022.690,2.2,10.6,21.7,0.00,0.49
48027.745,2.2,10.6,19.2,0.00,0.45
48033.161,2.2,10.6,20.4,0.00,0.54
48038.189,2.2,10.6,28.9,0.00,0.64
48052.399,2.2,10.7,27.1,0.00,0.61
48057.405,2.2,10.7,21.2,0.00,0.36
48062.424,2.2,10.7,17.3,0.00,0.50
48068.078,2.2,10.7,16.0,0.00,0.53
48073.118,2.2,10.7,15.8,0.00,0.88
48079.082,2.2,10.7,19.8,0.00,1.17
48084.328,2.2,10.7,18.3,0.00,0.68
48091.088,2.2,10.7,19.4,0.00,1.00
48096.232,2.2,10.7,20.8,0.00,1.40
48102.231,2.2,10.7,20.0,0.00,0.65
48108.166,2.2,10.7,16.8,0.00,0.74
48114.085,2.2,10.7,21.4,0.00,0.69
48120.081,2.2,10.7,26.0,0.00,0.67
48126.106,2.2,10.7,24.4,0.00,0.99
48132.086,2.2,10.7,29.5,0.00,0.66
48155.130,2.2,10.7,29.5,0.00,0.46
48161.195,2.2,10.7,29.0,0.00,0.52
48167.081,2.2,10.7,22.1,0.00,0.77
48172.726,2.2,10.7,23.1,0.00,0.95
48178.101,2.2,10.7,26.4,0.00,1.26
48186.380,2.2,10.7,26.0,0.00,1.20
48193.194,2.2,10.7,21.3,0.00,0.63
48198.807,2.2,10.7,19.0,0.00,0.55
48204.196,2.2,10.7,18.8,0.00,0.91
48209.336,2.2,10.7,25.4,0.00,0.95
48215.561,2.2,10.7,19.8,0.00,0.74
48221.842,2.2,10.7,15.0,0.00,0.96
48228.125,2.2,10.7,16.4,0.00,0.83
48233.723,2.2,10.7,16.9,0.00,0.85
48238.741,2.2,10.7,16.0,0.00,0.66
48244.227,2.2,10.7,17.9,0.00,0.73
48250.079,2.2,10.7,21.0,0.00,1.01
48256.107,2.2,10.7,15.9,0.00,0.99
48262.102,2.2,10.7,17.8,0.00,0.46
48267.343,2.2,10.7,16.4,0.00,0.29
48273.094,2.2,10.8,19.7,0.00,0.51
48278.555,2.2,10.8,15.5,0.00,0.30
48283.837,2.2,10.8,14.1,0.00,0.65
48289.719,2.2,10.8,15.9,0.00,0.32
48295.573,2.2,10.8,18.7,0.00,0.50
48301.140,2.2,10.9,16.7,0.00,0.70
48306.685,2.3,10.9,12.5,0.00,0.82
48313.084,2.2,10.9,12.9,0.00,0.85
48319.143,2.2,10.9,13.1,0.00,0.91
48325.117,2.3,10.9,12.0,0.00,0.78
48331.096,2.3,11.0,12.0,0.00,1.04
48337.095,2.3,11.0,11.8,0.00,1.24
48342.096,2.3,11.0,15.8,0.00,0.95
48347.119,2.3,11.0,14.5,0.00,0.74
48353.075,2.3,11.0,15.1,0.00,0.57
48358.156,2.3,11.1,14.7,0.00,0.73
48363.172,2.3,11.1,14.4,0.00,0.56
48368.181,2.3,11.1,16.2,0.00,0.64
48373.210,2.3,11.1,27.5,0.00,0.84
48379.219,2.3,11.1,29.2,0.00,0.63
48384.237,2.3,11.1,19.3,0.00,0.40
48390.101,2.3,11.1,14.1,0.00,0.76
48396.087,2.3,11.1,12.7,0.00,1.04
48402.081,2.3,11.2,13.3,0.00,1.45
48408.081,2.3,11.2,14.2,0.00,0.51
48414.096,2.3,11.2,15.4,0.00,0.78
48420.096,2.3,11.2,13.6,0.00,1.25
48426.088,2.3,11.3,12.5,0.00,0.65
48432.094,2.3,11.3,13.2,0.00,1.55
48438.066,2.3,11.3,13.5,0.00,1.25
48443.149,2.3,11.3,13.4,0.00,0.87
48448.169,2.3,11.3,14.1,0.00,0.90
48453.189,2.3,11.4,14.1,0.00,1.12
48458.352,2.3,11.4,13.1,0.00,1.11
48464.080,2.3,11.4,12.6,0.00,0.89
48470.088,2.3,11.4,11.8,0.00,1.62
48477.105,2.3,11.4,12.2,0.00,1.07
48483.089,2.2,11.5,11.7,0.00,1.02
48489.073,2.1,11.5,12.5,0.00,1.15
48495.081,2.0,11.6,12.5,0.00,0.88
48501.088,1.9,11.6,11.9,0.00,1.05
48507.083,1.8,11.7,13.2,0.00,1.23
48512.195,1.8,11.7,11.3,0.00,1.20
48517.213,1.7,11.7,12.0,0.00,1.22
48523.080,1.7,11.8,13.4,0.00,1.29
48528.320,1.7,11.8,12.2,0.00,1.51
48534.092,1.7,11.8,13.5,0.00,1.37
48540.204,1.7,11.8,14.7,0.00,1.26
48546.078,1.7,11.8,16.2,0.00,0.81
48551.550,1.6,11.8,20.2,0.00,1.02
48557.369,1.6,11.9,15.6,0.00,1.29
48563.093,1.6,11.9,15.8,0.00,1.40
48569.187,1.6,11.9,14.7,0.00,0.73
48575.078,1.5,11.9,15.7,0.00,1.05
48581.084,1.5,11.9,18.1,0.00,0.95
48587.104,1.5,11.9,19.6,0.00,0.91
48592.351,1.5,11.9,22.4,0.00,0.55
48598.204,1.5,11.9,26.0,0.00,0.55
48605.163,1.5,11.9,20.6,0.00,0.85
48610.176,1.5,11.9,17.7,0.00,0.83
48615.192,1.5,11.9,18.4,0.00,1.09
48620.208,1.5,11.9,17.9,0.00,0.41
48625.327,1.5,11.9,15.5,0.00,0.96
48632.211,1.5,11.9,15.4,0.00,0.91
48638.085,1.5,11.9,15.0,0.00,0.96
48643.736,1.5,11.9,20.1,0.00,1.10
48649.138,1.5,11.9,17.3,0.00,0.99
48655.146,1.5,11.9,17.4,0.00,0.95
48661.180,1.5,11.9,18.9,0.00,1.01
48667.238,1.5,11.9,16.8,0.00,1.20
48673.693,1.5,12.0,15.0,0.00,1.39
48679.448,1.5,12.0,13.7,0.00,1.45
48685.078,1.5,12.0,11.7,0.00,1.62
48690.215,1.4,12.0,12.7,0.00,1.58
48696.349,1.4,12.0,12.9,0.00,1.21
48703.173,1.4,12.0,13.8,0.00,1.23
48709.246,1.4,12.0,12.3,0.00,0.90
48715.132,1.4,12.0,12.5,0.00,1.27
48721.079,1.4,12.0,13.3,0.00,0.78
48727.079,1.4,12.0,13.9,0.00,0.93
48733.081,1.4,12.0,13.4,0.00,1.25
48738.097,1.4,12.0,11.4,0.00,1.19
48743.106,1.4,12.0,12.8,0.00,0.90
48750.083,1.4,12.0,13.6,0.00,0.86
48755.589,1.4,12.0,13.7,0.00,0.80
48762.236,1.3,12.0,12.9,0.00,0.80
48769.081,1.3,12.0,13.6,0.00,0.44
48775.076,1.3,12.0,12.9,0.00,0.49
48781.106,1.3,12.0,13.2,0.00,0.78
48787.087,1.3,12.0,12.6,0.00,1.08
48793.168,1.3,12.0,12.0,0.00,0.74
48799.204,1.3,12.0,11.9,0.00,0.81
48805.098,1.3,12.0,12.1,0.00,0.46
48811.100,1.3,12.0,14.6,0.00,0.60
48816.509,1.2,12.0,12.5,0.00,0.56
48822.076,1.2,12.0,12.5,0.00,0.55
48827.579,1.2,12.0,12.7,0.00,1.03
48833.374,1.2,12.0,12.8,0.00,1.03
48840.199,1.1,12.0,13.4,0.00,0.93
48845.450,1.1,12.0,12.7,0.00,0.77
48851.201,1.1,12.0,12.4,0.00,1.21
48858.100,1.1,12.0,13.1,0.00,1.04
48863.483,1.0,12.0,15.7,0.00,1.09
48869.415,1.0,12.0,15.7,0.00,0.95
48874.427,1.0,12.0,12.5,0.00,0.43
48880.082,1.0,12.0,11.2,0.00,0.80
48886.199,1.0,12.0,11.1,0.00,0.61
48892.085,1.0,11.9,10.9,0.00,0.64
48898.093,0.9,11.9,10.2,0.00,0.56
48904.076,0.6,12.1,10.3,1.87,1.50
48909.079,-4.9,11.6,11.1,1.55,1.70
48914.522,-10.2,8.6,11.1,1.08,1.37
48920.412,-12.1,13.3,10.8,0.00,0.56
48928.080,-12.6,14.2,10.5,0.00,0.93
48934.093,-12.5,15.4,10.1,0.00,0.56
48941.233,-12.5,16.1,10.5,0.00,0.90
48946.316,-12.5,16.1,11.1,0.00,1.14
48951.421,-16.5,16.2,10.4,0.00,0.81
48957.096,-17.9,16.3,10.9,0.00,0.86
48962.212,-17.5,15.8,13.2,0.00,0.67
48969.081,-16.9,17.1,11.3,0.00,0.62
48974.093,-16.9,17.1,11.4,0.00,0.31
48981.089,-16.9,17.1,11.0,0.00,0.92
48987.098,-16.9,17.2,11.3,0.00,0.72
48993.179,-16.9,17.3,11.7,0.00,0.89
48999.192,-17.0,17.2,12.0,0.00,0.70
49004.713,-17.1,17.2,11.5,0.00,0.61
49011.203,-17.1,17.1,12.1,0.00,0.70
49017.148,-17.2,17.1,11.8,0.00,0.61
49022.175,-17.2,17.1,11.5,0.00,0.72
49030.080,-17.4,17.0,11.8,0.00,0.89
49035.535,-17.3,17.0,11.8,0.00,0.74
49041.096,-17.3,17.1,11.8,0.00,0.74
49048.080,-17.4,17.1,12.0,0.00,0.88
49054.215,-17.4,17.1,12.2,0.00,0.69
49060.094,-17.5,17.0,11.7,0.00,0.45
49066.212,-17.5,17.0,11.2,0.00,0.75
49072.983,-17.4,17.1,11.8,0.00,0.60
49079.219,-17.4,17.1,11.4,0.00,0.61
49085.221,-17.4,17.1,11.7,0.00,0.33
49091.684,-17.4,17.1,12.3,0.00,0.37
49096.813,-17.4,17.1,13.2,0.00,0.38
49102.079,-17.4,17.1,13.7,0.00,0.41
49107.608,-17.4,17.1,15.5,0.00,0.51
49113.359,-17.5,17.1,15.1,0.00,0.23
49119.075,-17.5,17.1,13.3,0.00,0.24
49125.082,-17.5,17.0,13.1,0.00,0.39
49131.084,-17.6,17.0,13.3,0.00,0.49
49137.213,-17.6,17.0,12.4,0.00,0.39
49142.629,-17.6,17.0,11.9,0.00,0.40
49148.075,-17.6,17.0,12.1,0.00,0.35
49153.252,-17.6,17.0,12.2,0.00,0.34
49160.097,-17.6,17.0,11.7,0.00,0.24
49165.150,-17.6,17.0,12.0,0.00,0.23
49170.364,-17.6,17.0,12.3,0.00,0.40
49176.342,-17.6,17.0,12.5,0.00,0.23
49183.135,-17.6,17.1,11.3,0.00,0.49
49189.190,-17.6,17.1,11.5,0.00,0.64
49195.199,-17.5,17.2,11.8,0.00,0.51
49202.097,-17.5,17.2,11.8,0.00,0.64
49208.092,-17.5,17.2,11.5,0.00,0.52
49214.096,-17.4,17.2,12.2,0.00,0.54
49220.575,-17.4,17.2,13.4,0.00,0.50
49227.072,-17.4,17.2,15.3,0.00,0.37
49232.082,-17.4,17.2,13.6,0.00,0.21
49237.089,-16.8,16.9,12.9,0.00,0.39
49242.099,-16.7,16.9,12.5,0.00,0.20
49249.155,-16.7,16.8,12.3,0.00,0.23
49255.148,-16.4,16.6,13.2,0.00,0.28
49261.087,-16.1,16.5,13.0,0.00,0.44
49267.076,-16.1,16.5,13.2,0.00,0.37
49273.098,-16.1,16.5,13.4,0.00,0.34
49279.101,-16.1,16.5,14.2,0.00,0.24
49285.170,-16.0,16.5,13.2,0.00,0.39
49290.253,-16.0,16.5,12.8,0.00,0.35
49296.723,-16.0,16.5,14.3,0.00,0.45
49304.091,-16.0,16.5,14.8,0.00,0.48
49309.121,-16.0,16.5,15.9,0.00,0.52
49315.078,-16.0,16.5,19.7,0.00,0.50
49321.096,-16.0,16.6,21.2,0.00,0.57
49327.197,-16.0,16.5,20.3,0.00,0.33
49332.460,-16.0,16.5,27.2,0.00,0.35
49337.475,-16.0,16.5,26.2,0.00,0.34
49342.489,-16.0,16.5,29.6,0.00,0.53
49378.557,-16.0,16.5,30.0,0.00,0.30
49383.581,-16.0,16.5,28.0,0.00,0.43
49388.605,-16.1,16.5,27.1,0.00,0.36
49393.624,-16.1,16.5,26.6,0.00,0.38
49398.651,-16.1,16.5,25.7,0.00,0.39
49403.673,-16.1,16.5,22.4,0.00,0.75
49408.699,-16.1,16.5,25.8,0.00,0.44
49413.722,-16.1,16.5,29.9,0.00,0.37
49430.766,-16.2,16.4,29.1,0.00,0.32
49435.792,-16.2,16.5,26.8,0.00,0.37
49440.817,-16.2,16.5,27.0,0.00,0.28
49445.842,-16.2,16.5,24.9,0.00,0.35
49450.866,-16.2,16.5,23.1,0.00,0.44
49455.892,-16.2,16.5,26.4,0.00,0.39
49460.919,-16.2,16.5,20.8,0.00,0.59
49465.939,-16.2,16.5,16.1,0.00,0.52
49470.956,-16.2,16.5,23.4,0.00,0.43
49475.976,-16.2,16.5,23.5,0.00,0.37
49481.004,-16.2,16.5,25.4,0.00,0.35
49488.085,-16.2,16.5,27.4,0.00,0.44
49493.108,-16.2,16.5,28.3,0.00,0.41
49521.986,-16.2,16.5,29.7,0.00,0.35
49530.080,-16.2,16.5,29.4,0.00,0.40
49536.190,-16.2,16.5,19.3,0.00,0.36
49542.081,-16.2,16.5,19.2,0.00,0.67
49547.845,-16.2,16.5,28.3,0.00,0.73
49565.093,-16.2,16.5,28.5,0.00,0.34
49571.156,-16.2,16.5,28.7,0.00,0.33
49577.087,-16.2,16.5,24.9,0.00,0.43
49582.445,-16.2,16.5,26.1,0.00,0.46
49592.077,-16.1,16.6,28.7,0.00,0.52
49598.184,-13.5,11.2,30.0,0.00,0.78
49608.075,-13.3,10.7,29.1,0.00,0.95
49614.151,-13.2,10.6,26.3,0.00,0.96
49621.212,-13.2,10.5,28.3,0.00,1.19
49631.080,-13.2,10.4,26.7,0.00,1.59
49645.671,-13.1,10.3,29.6,0.00,1.65
49650.690,-13.1,10.3,27.6,0.00,1.89
49655.710,-13.1,10.3,27.7,0.00,2.07
49681.768,-13.0,10.4,29.6,0.00,0.60
49686.794,-13.0,10.4,25.0,0.00,0.86
49691.813,-13.0,10.4,23.4,0.00,0.67
49696.834,-12.9,10.4,25.3,0.00,0.85
49701.854,-13.0,10.4,28.4,0.00,1.01
49706.879,-12.9,10.4,28.2,0.00,1.14
49741.959,-12.9,10.5,29.7,0.00,0.63
49815.089,-12.8,10.6,29.8,0.00,0.38
49820.439,-12.8,10.6,27.3,0.00,0.39
49826.596,-12.8,10.6,29.2,0.00,0.55
49847.169,-12.8,10.6,27.2,0.00,0.64
49860.994,-12.9,10.5,28.9,0.00,0.65
49868.097,-12.9,10.5,24.1,0.00,0.56
49874.099,-12.9,10.5,27.8,0.00,0.32
49879.109,-12.9,10.5,23.2,0.00,0.34
49884.190,-12.9,10.5,23.4,0.00,0.30
49889.207,-12.9,10.5,18.9,0.00,0.55
49894.571,-12.9,10.5,18.3,0.00,0.63
49900.148,-12.9,10.5,26.2,0.00,0.86
49906.077,-12.9,10.6,23.8,0.00,0.39
49911.091,-12.9,10.6,21.1,0.00,0.36
49916.173,-12.9,10.6,27.3,0.00,0.33
49922.084,-12.9,10.6,29.4,0.00,0.68
49927.474,-12.9,10.6,21.6,0.00,0.49
49933.080,-12.9,10.6,23.7,0.00,0.18
49938.574,-12.9,10.6,18.7,0.00,0.43
49944.562,-12.9,10.6,19.9,0.00,0.47
49950.270,-12.9,10.6,20.0,0.00,0.83
49955.533,-12.9,10.6,20.9,0.00,0.62
49961.094,-12.9,10.6,21.8,0.00,0.37
49966.696,-12.9,10.6,24.1,0.00,0.54
49972.566,-12.9,10.6,24.2,0.00,0.57
49978.546,-13.0,10.6,24.2,0.00,0.30
49984.103,-13.0,10.6,23.6,0.00,0.63
49989.574,-13.0,10.7,23.3,0.00,0.45
49995.107,-13.1,10.7,28.3,0.00,0.82
50008.086,-13.4,10.7,29.8,0.00,0.32
50014.107,-13.4,10.7,17.7,0.00,0.66
50020.090,-13.4,10.7,26.4,0.00,0.75
50025.186,-13.4,10.7,29.4,0.00,0.88
50030.200,-13.4,10.7,21.7,0.00,0.86
50036.178,-13.4,10.7,19.9,0.00,0.67
50041.443,-13.3,10.7,20.6,0.00,0.91
50047.533,-13.3,10.8,20.7,0.00,0.60
50053.149,-13.3,10.8,23.2,0.00,0.66
50059.095,-13.3,10.8,22.9,0.00,1.02
50065.071,-13.3,10.8,25.4,0.00,0.77
50070.110,-13.3,10.8,25.2,0.00,0.88
50076.093,-13.3,10.8,20.1,0.00,1.01
50082.077,-13.3,10.8,20.5,0.00,1.08
50088.172,-13.3,10.8,23.7,0.00,0.76
50094.433,-13.3,10.9,18.6,0.00,0.68
50100.100,-13.2,10.9,18.1,0.00,0.99
50105.576,-13.2,10.9,19.1,0.00,0.71
50111.578,-13.2,10.9,17.7,0.00,0.79
50116.601,-13.2,10.9,17.7,0.00,0.48
50121.623,-13.2,10.9,19.2,0.00,0.74
50126.785,-13.2,10.9,18.9,0.00,0.46
50131.794,-13.2,10.9,18.3,0.00,0.70
50136.822,-13.2,10.9,19.5,0.00,0.89
50142.178,-13.2,10.9,18.9,0.00,0.96
50147.245,-13.2,10.9,21.0,0.00,1.10
50152.262,-13.2,10.9,19.8,0.00,0.63
50157.273,-13.2,10.9,28.1,0.00,0.34
50172.088,-13.2,10.9,29.6,0.00,0.32
50177.096,-13.2,10.9,29.5,0.00,0.76
50183.097,-13.2,10.9,29.5,0.00,0.79
50188.544,-13.2,10.9,29.0,0.00,0.50
50194.565,-13.2,10.9,25.2,0.00,0.53
50199.583,-13.2,11.0,21.3,0.00,0.49
50205.124,-13.2,11.0,25.2,0.00,0.36
50210.142,-13.2,11.0,24.2,0.00,0.34
50215.160,-13.2,11.0,22.5,0.00,0.62
50220.179,-13.2,11.0,21.0,0.00,0.23
50225.195,-13.2,11.0,20.9,0.00,0.23
50230.216,-13.2,11.0,17.9,0.00,0.23
50235.232,-13.2,11.0,18.4,0.00,0.15
50240.250,-13.2,11.0,19.3,0.00,0.22
50245.268,-13.2,11.0,17.3,0.00,0.33
50250.288,-13.2,11.0,17.0,0.00,0.23
50255.305,-13.2,11.0,19.4,0.00,0.56
50260.331,-13.2,11.0,19.1,0.00,0.37
50265.350,-13.2,11.0,18.2,0.00,0.49
50270.372,-13.2,11.0,16.0,0.00,0.77
50275.389,-13.2,11.0,14.9,0.00,0.35
50280.413,-13.2,11.0,19.9,0.00,0.23
50285.437,-13.2,11.0,18.3,0.00,0.23
50290.459,-13.2,11.0,16.3,0.00,0.38
50295.482,-13.2,11.0,17.8,0.00,0.40
50300.504,-13.2,11.0,16.0,0.00,0.33
50305.528,-13.2,11.0,15.0,0.00,0.71
50310.553,-13.2,11.0,15.3,0.00,0.65
50315.574,-13.2,11.0,17.3,0.00,0.51
50320.602,-13.2,11.0,16.9,0.00,1.06
50325.620,-13.2,11.0,18.2,0.00,0.39
50330.643,-13.2,11.0,16.2,0.00,0.38
50335.662,-13.2,11.0,17.1,0.00,0.40
50340.686,-13.2,11.0,15.8,0.00,0.54
50345.707,-13.2,11.0,18.8,0.00,0.86
50350.728,-13.2,11.0,16.3,0.00,0.42
50355.753,-13.2,11.0,15.5,0.00,0.40
50360.779,-13.2,11.0,14.5,0.00,0.83
50365.804,-13.2,11.0,15.9,0.00,0.56
50370.824,-13.2,11.0,17.7,0.00,0.40
50375.850,-13.2,11.1,16.7,0.00,0.40
50380.874,-13.2,11.1,15.6,0.00,0.69
50385.896,-13.2,11.1,15.7,0.00,0.31
50390.917,-13.2,11.1,14.5,0.00,0.32
50395.939,-13.2,11.1,15.3,0.00,0.95
50400.966,-13.2,11.1,17.5,0.00,0.78
50405.990,-13.2,11.1,19.6,0.00,0.81
50411.005,-13.2,11.1,23.1,0.00,0.49
50416.021,-13.2,11.1,23.2,0.00,0.56
50421.036,-13.2,11.1,21.5,0.00,0.41
50426.049,-13.2,11.1,17.5,0.00,0.41
50431.062,-13.2,11.1,21.8,0.00,0.58
50436.082,-13.2,11.1,17.2,0.00,0.49
50441.097,-13.2,11.1,17.4,0.00,0.72
50446.105,-13.2,11.1,20.4,0.00,0.78
50451.121,-13.2,11.1,26.0,0.00,1.47
50456.135,-13.2,11.1,28.5,0.00,1.58
50474.174,-13.4,11.3,28.1,0.00,0.54
50479.194,-13.4,11.3,22.8,0.00,0.48
50484.213,-13.4,11.3,26.4,0.00,0.51
50511.269,-13.3,11.5,28.8,0.00,0.57
50516.296,-13.3,11.5,25.6,0.00,0.67
50521.316,-13.3,11.5,24.0,0.00,0.69
50526.337,-13.3,11.5,21.1,0.00,0.70
50531.356,-13.3,11.5,27.5,0.00,0.81
50536.378,-13.3,11.5,19.4,0.00,0.78
50541.397,-13.3,11.5,15.9,0.00,1.12
50546.410,-13.3,11.5,14.8,0.00,0.76
50551.430,-13.3,11.5,17.7,0.00,0.63
50556.445,-13.3,11.5,15.8,0.00,0.46
50561.464,-13.3,11.6,16.6,0.00,0.55
50566.486,-13.3,11.6,28.5,0.00,0.60
50654.211,-13.3,11.7,27.2,0.00,0.55
50659.641,-13.3,11.7,23.2,0.00,0.54
50664.654,-13.3,11.7,21.8,0.00,0.51
50671.078,-13.3,11.7,20.2,0.00,0.74
50677.067,-13.2,11.8,22.1,0.00,0.44
50694.688,-13.2,11.9,28.6,0.00,0.60
50699.706,-13.2,11.9,23.6,0.00,1.13
50736.693,-13.3,11.7,28.4,0.00,0.43
50742.104,-13.2,11.7,23.2,0.00,0.40
50748.078,-13.2,11.7,20.2,0.00,0.45
50753.340,-13.2,11.7,18.5,0.00,0.38
50759.189,-13.3,11.7,18.0,0.00,0.39
50765.099,-13.3,11.7,17.3,0.00,0.31
50770.216,-13.3,11.7,16.2,0.00,0.48
50777.170,-13.3,11.7,15.4,0.00,0.51
50783.105,-13.3,11.7,15.7,0.00,0.61
50789.264,-13.3,11.7,19.7,0.00,0.34
50796.084,-13.3,11.7,15.9,0.00,0.34
50802.145,-13.3,11.8,15.0,0.00,0.58
50808.210,-13.2,11.8,15.0,0.00,0.63
50815.085,-13.2,11.9,16.1,0.00,0.69
50821.565,-13.2,11.9,15.4,0.00,0.76
50828.145,-13.2,11.9,16.4,0.00,0.72
50833.652,-13.2,11.9,18.3,0.00,0.49
50838.695,-13.2,11.9,15.7,0.00,0.47
50844.240,-13.2,11.9,17.8,0.00,0.61
50850.082,-13.2,11.9,18.4,0.00,0.64
50856.078,-13.2,11.9,15.2,0.00,0.82
50861.129,-13.2,11.9,16.4,0.00,0.80
50867.082,-13.2,11.9,15.6,0.00,0.84
50873.080,-13.2,11.9,14.8,0.00,0.67
50879.072,-13.2,12.0,14.1,0.00,0.60
50885.087,-13.2,12.0,14.5,0.00,0.68
50891.093,-13.1,12.0,13.3,0.00,0.68
50897.193,-13.1,12.0,14.7,0.00,0.48
50904.081,-13.1,12.0,14.3,0.00,0.45
50910.115,-13.1,12.1,14.8,0.00,0.35
50916.073,-13.1,12.1,15.4,0.00,0.56
50921.175,-13.1,12.1,19.9,0.00,0.68
50928.077,-13.1,12.1,20.1,0.00,0.66
50933.715,-13.1,12.1,17.3,0.00,0.82
50940.209,-13.1,12.1,29.6,0.00,0.70
50946.096,-13.1,12.1,23.8,0.00,0.95
50951.725,-13.0,12.1,24.1,0.00,0.94
50956.744,-13.0,12.1,19.4,0.00,0.69
50961.768,-13.0,12.1,16.1,0.00,0.80
50967.075,-13.0,12.1,20.9,0.00,0.61
50973.077,-13.0,12.1,28.4,0.00,0.63
50978.564,-13.0,12.1,21.0,0.00,0.81
50984.181,-13.0,12.1,17.3,0.00,0.94
50989.540,-13.0,12.1,14.6,0.00,1.63
50995.567,-13.0,12.1,16.5,0.00,1.10
51000.587,-13.0,12.1,19.0,0.00,0.65
51007.290,-13.0,12.1,20.6,0.00,0.89
51012.307,-13.0,12.1,19.5,0.00,0.88
51018.549,-13.0,12.1,21.6,0.00,1.11
51024.635,-13.0,12.1,19.6,0.00,1.26
51030.657,-13.0,12.1,19.5,0.00,1.44
51036.472,-13.0,12.1,16.9,0.00,1.38
51044.093,-13.0,12.2,16.6,0.00,1.31
51049.109,-13.0,12.2,21.8,0.00,1.12
51054.434,-13.0,12.2,19.7,0.00,0.75
51060.071,-13.0,12.2,19.3,0.00,0.62
51065.298,-13.0,12.2,21.3,0.00,0.74
51071.072,-13.0,12.2,22.6,0.00,0.58
51076.077,-13.0,12.3,18.9,0.00,0.83
51082.176,-13.0,12.3,18.1,0.00,0.84
51088.615,-13.0,12.3,18.2,0.00,1.08
51093.708,-13.0,12.3,19.0,0.00,1.47
51098.750,-13.0,12.3,22.3,0.00,1.41
51103.762,-12.5,12.1,13.3,5.54,1.73
51108.782,-2.6,2.6,18.4,7.81,2.38
51113.794,10.9,-2.1,21.8,0.00,0.47
51118.813,5.1,0.0,17.6,0.00,0.54
51123.831,4.8,-0.5,16.1,0.00,0.78
51128.979,3.6,-0.6,19.5,0.00,1.10
51133.992,4.2,-0.5,17.9,0.00,0.83
51139.764,4.1,-0.3,14.4,0.00,1.05
51146.117,3.9,-0.2,13.6,0.00,1.18
51152.057,3.5,-0.0,14.7,0.00,0.95
51158.187,2.9,0.2,15.7,0.00,1.07
51164.158,2.9,0.2,14.8,0.00,0.89
51170.094,2.5,0.3,14.2,0.00,1.10
51176.439,2.3,0.3,14.7,0.00,0.91
51182.078,2.1,0.4,13.7,0.00,0.63
51188.083,1.8,0.5,13.9,0.00,0.50
51194.072,1.7,0.5,13.6,0.00,1.04
51200.073,1.6,0.6,14.0,0.00,1.35
51206.099,1.6,0.6,12.8,0.00,1.54
51212.124,1.7,0.6,29.8,0.00,0.72
51218.073,1.7,0.6,27.5,0.00,1.11
51291.090,2.0,0.6,29.9,0.00,0.83
51296.595,2.0,0.6,24.8,0.00,0.59
51302.566,2.0,0.5,28.6,0.00,0.81
51308.074,2.0,0.5,27.0,0.00,0.64
51313.273,2.1,0.5,19.7,0.00,1.07
51319.083,2.1,0.5,18.7,0.00,0.89
51324.560,2.1,0.5,17.6,0.00,1.02
51330.079,2.1,0.5,20.4,0.00,0.41
51335.086,2.1,0.5,19.4,0.00,0.51
51340.821,2.6,0.3,29.6,0.00,0.70
51346.072,2.4,0.4,23.1,0.00,0.58
51351.574,2.4,0.4,22.5,0.00,0.63
51357.076,2.5,0.3,24.2,0.00,0.30
51363.121,2.6,0.3,25.9,0.00,0.39
51368.413,2.7,0.3,26.0,0.00,0.32
51374.083,2.8,0.3,20.1,0.00,0.26
51379.431,2.8,0.3,19.1,0.00,0.33
51384.478,2.7,0.3,18.4,0.00,0.26
51390.077,2.7,0.3,16.0,0.00,0.37
51396.080,2.8,0.3,17.9,0.00,0.69
51402.079,2.9,0.3,17.0,0.00,0.69
51408.066,2.9,0.3,16.0,0.00,0.71
51414.146,3.0,0.3,21.3,0.00,0.48
51419.591,3.0,0.3,23.6,0.00,0.55
51425.081,3.1,0.3,22.3,0.00,0.48
51430.103,3.1,0.3,20.1,0.00,0.51
51436.071,3.1,0.3,21.1,0.00,0.46
51441.100,3.2,0.3,17.7,0.00,0.55
51448.075,3.3,0.3,15.3,0.00,1.09
51454.131,3.3,0.3,14.1,0.00,0.95
51460.238,3.4,0.3,15.9,0.00,0.61
51466.397,3.4,0.3,19.4,0.00,0.63
51473.084,3.5,0.3,18.4,0.00,0.60
51478.130,3.5,0.3,23.2,0.00,0.34
51484.095,3.6,0.3,19.5,0.00,0.46
51490.084,3.6,0.3,18.5,0.00,0.69
51495.840,3.7,0.3,21.3,0.00,0.73
51501.156,3.8,0.3,17.2,0.00,0.95
51506.173,3.8,0.3,15.7,0.00,0.71
51512.073,3.8,0.3,14.8,0.00,0.70
51517.099,3.8,0.3,15.0,0.00,0.71
51523.081,3.9,0.2,18.1,0.00,0.71
51528.273,3.9,0.2,21.9,0.00,0.40
51534.129,4.0,0.2,18.6,0.00,0.34
51540.135,4.0,0.2,15.5,0.00,0.54
51546.135,4.0,0.2,15.3,0.00,0.53
51552.105,4.1,0.2,14.9,0.00,0.77
51558.132,4.1,0.2,17.5,0.00,0.71
51564.154,4.1,0.2,15.5,0.00,0.64
51570.078,4.2,0.2,16.3,0.00,0.63
51576.314,4.2,0.2,19.6,0.00,0.40
51582.259,4.2,0.2,24.6,0.00,0.48
51587.553,4.2,0.2,24.1,0.00,0.48
51593.075,3.8,0.3,24.5,0.00,0.35
51598.201,3.8,0.3,24.6,0.00,0.53
51603.217,3.8,0.3,22.9,0.00,0.52
51608.236,3.9,0.3,22.2,0.00,0.44
51613.244,3.9,0.3,27.8,0.00,0.63
51620.258,3.9,0.3,27.7,0.00,0.26
51625.276,3.9,0.3,21.1,0.00,0.28
51630.299,3.9,0.2,19.3,0.00,0.32
51635.319,3.9,0.2,17.0,0.00,0.30
51640.337,3.9,0.2,17.7,0.00,0.24
51645.357,3.9,0.2,18.9,0.00,0.23
51650.379,3.9,0.2,15.8,0.00,0.24
51655.403,3.9,0.2,14.6,0.00,0.20
51660.426,3.9,0.3,12.7,0.00,0.15
51665.444,3.9,0.3,12.6,0.00,0.21
51670.473,3.9,0.3,13.1,0.00,0.25
51675.489,3.9,0.3,12.5,0.00,0.37
51680.515,4.0,0.3,12.7,0.00,0.52
51685.541,4.0,0.4,12.7,0.00,0.36
51690.560,4.0,0.4,14.0,0.00,0.39
51695.583,4.0,0.4,15.9,0.00,0.42
51700.612,4.0,0.3,20.4,0.00,0.52
51705.633,4.1,0.3,21.0,0.00,0.34
51710.659,4.1,0.3,16.1,0.00,0.41
51715.690,4.0,0.3,15.1,0.00,0.33
51720.713,4.0,0.3,14.5,0.00,0.52
51725.737,4.1,0.3,15.2,0.00,1.04
51730.758,4.1,0.3,16.3,0.00,0.87
51735.786,4.1,0.3,15.5,0.00,0.71
51740.807,4.1,0.3,14.9,0.00,1.21
51746.170,4.1,0.3,16.7,0.00,0.60
51751.772,4.2,0.3,15.8,0.00,0.84
51757.167,4.2,0.3,17.3,0.00,0.74
51762.702,4.2,0.3,21.2,0.00,0.53
51769.091,4.2,0.3,19.3,0.00,0.64
51775.090,4.3,0.3,14.7,0.00,0.80
51780.152,4.4,0.2,13.9,0.00,1.09
51786.159,4.4,0.2,15.4,0.00,1.23
51792.154,4.4,0.2,15.1,0.00,1.22
51798.143,4.3,0.2,14.8,0.00,1.18
51804.190,4.4,0.2,13.4,0.00,0.71
51810.083,4.4,0.3,22.1,0.00,0.60
51816.101,4.4,0.2,26.5,0.00,0.36
51821.114,4.4,0.2,21.5,0.00,0.62
51827.713,4.5,0.2,15.4,0.00,0.54
51832.721,4.5,0.2,15.4,0.00,0.75
51838.382,4.5,0.2,15.9,0.00,0.71
51845.070,4.6,0.2,14.2,0.00,0.52
51851.066,4.6,0.2,13.7,0.00,0.66
51856.082,4.7,0.2,14.0,0.00,0.78
51862.090,4.7,0.2,13.7,0.00,0.94
51868.093,4.7,0.2,15.4,0.00,0.35
51875.160,4.7,0.3,14.1,0.00,0.79
51882.072,4.7,0.3,13.1,0.00,0.86
51887.073,4.0,0.5,14.6,0.00,0.57
51893.209,3.6,0.6,14.2,0.00,0.71
51899.271,3.7,0.7,13.2,0.00,0.47
51907.081,3.6,0.7,13.3,0.00,0.27
51912.090,3.3,0.8,14.3,0.00,0.48
51919.069,3.2,0.9,14.1,0.00,0.32
51925.181,3.3,1.0,14.0,0.00,0.31
51932.108,3.4,1.0,14.0,0.00,0.38
51937.214,3.3,1.0,14.3,0.00,0.37
51943.071,3.4,1.1,14.0,0.00,0.34
51949.070,3.4,1.1,13.9,0.00,0.34
51956.081,3.5,1.1,14.1,0.00,0.51
51963.093,2.9,1.3,13.4,0.00,0.39
51971.072,1.4,1.8,14.0,0.00,0.67
51976.083,1.5,1.8,15.1,0.00,0.93
51981.161,1.1,1.9,14.3,0.00,0.93
51987.191,1.1,1.9,14.8,0.00,0.73
51993.189,1.3,1.9,13.5,0.00,0.74
51999.072,1.3,1.9,13.6,0.00,0.70
52005.075,1.1,2.0,14.3,0.00,0.92
52011.064,1.1,2.0,14.7,0.00,0.73
52016.094,0.5,2.2,15.6,0.00,1.01
52023.200,0.2,2.3,15.0,0.00,0.71
52029.233,-0.4,2.4,14.3,0.00,0.71
52035.240,-0.3,2.4,14.9,0.00,0.81
52042.346,-0.2,2.4,15.1,0.00,0.74
52050.087,-0.2,2.4,15.2,0.00,0.37
52055.137,-0.1,2.4,16.5,0.00,0.46
52062.088,-0.1,2.4,15.3,0.00,0.53
52068.203,-0.1,2.5,14.6,0.00,0.22
52074.160,-0.1,2.5,14.9,0.00,0.21
52080.149,-0.1,2.5,14.8,0.00,0.21
52086.075,-0.0,2.5,14.0,0.00,0.44
52093.126,0.1,2.5,13.4,0.00,0.51
52099.189,0.1,2.5,15.1,0.00,0.33
52105.086,0.2,2.5,15.9,0.00,0.33
52111.330,0.3,2.5,17.4,0.00,0.34
52117.101,0.4,2.5,20.1,0.00,0.50
52123.077,0.5,2.5,16.3,0.00,0.31
52129.079,0.7,2.5,14.3,0.00,0.40
52135.096,0.3,2.6,16.3,0.00,0.48
52140.458,0.4,2.6,20.8,0.00,0.49
52145.561,0.4,2.6,19.4,0.00,0.24
52151.238,0.3,2.6,17.0,0.00,0.18
52156.300,0.2,2.6,14.6,0.00,0.14
52162.080,0.2,2.6,14.2,0.00,0.16
52168.147,0.2,2.7,15.3,0.00,0.25
52174.112,0.1,2.7,14.8,0.00,0.11
52179.167,0.0,2.7,15.0,0.00,0.19
52185.173,-0.7,2.9,14.4,0.00,0.19
52191.096,-0.7,2.9,15.4,0.00,0.21
52197.065,-1.1,3.0,15.0,0.00,0.26
52203.068,-1.1,3.1,14.1,0.00,0.18
52209.130,-1.1,3.1,13.4,0.00,0.19
52215.069,-1.1,3.1,13.4,0.00,0.23
52220.082,-1.5,3.2,12.9,0.00,0.23
52226.067,-1.6,3.2,13.0,0.00,0.19
52232.099,-1.5,3.2,12.7,0.00,0.19
52237.596,-1.5,3.2,12.5,0.00,0.15
52243.590,-1.5,3.2,12.7,0.00,0.18
52250.119,-1.4,3.2,13.2,0.00,0.17
52255.735,-1.3,3.2,13.8,0.00,0.21
52261.152,-1.3,3.2,13.3,0.00,0.23
52267.093,-1.2,3.2,13.2,0.00,0.29
52272.597,-1.1,3.2,13.5,0.00,0.29
52278.359,-1.4,3.3,12.8,0.00,0.19
52283.360,-1.4,3.2,13.2,0.00,0.21
52288.380,-1.4,3.3,12.7,0.00,0.18
52293.401,-1.3,3.3,12.6,0.00,0.14
52298.423,-1.2,3.2,12.6,0.00,0.22
52303.437,-1.2,3.2,13.1,0.00,0.23
52308.456,-1.2,3.2,13.9,0.00,0.33
52313.477,-1.2,3.2,12.9,0.00,0.29
52318.499,-1.2,3.2,13.0,0.00,0.20
52323.522,-1.1,3.2,13.4,0.00,0.10
52328.548,-1.3,3.3,13.4,0.00,0.15
52333.565,-1.7,3.5,14.0,0.00,0.12
52338.591,-1.8,3.5,13.4,0.00,0.31
52343.613,-1.8,3.5,12.3,0.00,0.11
52348.637,-1.7,3.6,12.6,0.00,0.15
52353.663,-1.7,3.6,13.3,0.00,0.19
52358.686,-1.7,3.6,13.8,0.00,0.10
52363.711,-1.7,3.7,13.5,0.00,0.10
52368.739,-1.8,3.7,12.3,0.00,0.12
52373.761,-1.8,3.7,12.0,0.00,0.08
52378.792,-1.8,3.7,12.3,0.00,0.13
52383.813,-1.9,3.7,12.5,0.00,0.11
52389.208,-2.3,3.9,12.1,0.00,0.10
52395.076,-2.3,3.9,12.2,0.00,0.09
52400.560,-2.5,4.0,12.1,0.00,0.17
52405.580,-2.5,4.0,12.1,0.00,0.17
52410.742,-2.5,4.1,12.8,0.00,0.10
52416.563,-2.6,4.1,12.5,0.00,0.09
52422.098,-2.6,4.1,12.4,0.00,0.12
52427.714,-2.8,4.2,11.9,0.00,0.25
52433.189,-2.7,4.3,12.3,0.00,0.20
52439.074,-2.8,4.3,12.3,0.00,0.17
52444.347,-2.8,4.3,12.1,0.00,0.14
52450.078,-2.8,4.3,11.9,0.00,0.09
52456.192,-2.7,4.3,13.0,0.00,0.23
52462.087,-2.6,4.3,13.2,0.00,0.16
52467.671,-2.6,4.3,12.6,0.00,0.15
52473.079,-2.5,4.3,12.3,0.00,0.08
52479.075,-2.5,4.3,12.1,0.00,0.10
52485.075,-2.4,4.3,12.0,0.00,0.14
52491.101,-2.4,4.4,12.2,0.00,0.16
52497.076,-2.7,4.5,13.4,0.00,0.14
52502.444,-3.7,4.9,12.6,0.00,0.18
52508.089,-4.1,5.0,12.9,0.00,0.11
52513.192,-4.1,5.0,12.8,0.00,0.15
52518.712,-4.1,5.0,12.5,0.00,0.11
52523.803,-4.1,5.1,14.0,0.00,0.08
52529.213,-4.1,5.1,14.0,0.00,0.11
52534.596,-4.2,5.1,15.5,0.00,0.13
52539.612,-4.1,5.1,18.1,0.00,0.24
52544.656,-4.1,5.1,16.4,0.00,0.48
52550.073,-4.1,5.1,14.5,0.00,0.28
52555.758,-4.0,5.1,13.4,0.00,0.34
52561.012,-4.0,5.1,13.6,0.00,0.34
52566.726,-4.0,5.1,12.9,0.00,0.16
52571.740,-4.0,5.1,13.0,0.00,0.19
52577.100,-3.9,5.1,14.1,0.00,0.65
52582.107,-3.9,5.1,14.2,0.00,0.59
52587.736,-3.8,5.1,14.3,0.00,0.34
52593.522,-3.7,5.1,14.4,0.00,0.24
52599.174,-3.7,5.1,13.7,0.00,0.19
52604.496,-3.7,5.1,13.6,0.00,0.21
52610.599,-4.1,5.3,12.7,0.00,0.27
52616.086,-4.0,5.3,12.8,0.00,0.15
52621.101,-4.4,5.4,13.1,0.00,0.14
52626.175,-4.7,5.5,13.9,0.00,0.22
52633.148,-5.1,5.6,14.4,0.00,0.15
52638.168,-5.2,5.7,12.9,0.00,0.47
52644.091,-5.3,5.7,12.5,0.00,0.30
52649.577,-5.3,5.7,12.3,0.00,0.29
52654.588,-5.3,5.7,12.6,0.00,0.29
52660.101,-5.3,5.7,13.9,0.00,0.70
52665.133,-5.4,5.8,13.9,0.00,0.28
52671.077,-6.2,6.1,13.5,0.00,0.19
52676.139,-6.3,6.1,12.6,0.00,0.23
52682.069,-6.3,6.1,12.8,0.00,0.20
52687.618,-6.4,6.1,13.2,0.00,0.15
52693.443,-6.4,6.2,14.9,0.00,0.11
52699.067,-6.5,6.2,15.4,0.00,0.22
52704.839,-6.5,6.2,13.9,0.00,0.16
52710.068,-6.6,6.2,13.3,0.00,0.16
52716.200,-6.6,6.3,13.5,0.00,0.11
52723.067,-6.6,6.3,14.3,0.00,0.13
52728.197,-6.5,6.3,13.0,0.00,0.15
52734.084,-6.6,6.3,12.1,0.00,0.11
52739.366,-6.5,6.3,12.1,0.00,0.22
52746.070,-6.5,6.3,12.4,0.00,0.16
52751.183,-6.5,6.3,14.0,0.00,0.29
52757.158,-6.5,6.3,16.6,0.00,0.17
52762.528,-6.5,6.3,13.7,0.00,0.17
52767.684,-6.5,6.3,13.7,0.00,0.14
52773.080,-6.5,6.3,12.8,0.00,0.15
52779.070,-6.5,6.3,13.0,0.00,0.19
52785.421,-6.5,6.3,14.1,0.00,0.14
52792.306,-6.5,6.3,15.9,0.00,0.25
52797.598,-6.5,6.3,13.7,0.00,0.11
52803.569,-6.4,6.3,12.5,0.00,0.35
52809.080,-6.4,6.3,12.6,0.00,0.47
52815.090,-6.4,6.3,12.8,0.00,0.26
52820.358,-6.4,6.3,14.3,0.00,0.25
52826.258,-6.4,6.4,13.9,0.00,0.38
52831.345,-6.5,6.4,13.1,0.00,0.22
52836.355,-6.4,6.4,12.6,0.00,0.40
52841.576,-6.4,6.4,12.7,0.00,0.71
52847.098,-6.4,6.4,15.3,0.00,0.15
52852.099,-6.4,6.4,14.7,0.00,0.24
52858.085,-6.4,6.4,14.4,0.00,0.27
52863.421,-6.4,6.4,13.0,0.00,0.23
52869.419,-6.4,6.4,13.0,0.00,0.27
52875.088,-6.4,6.4,12.8,0.00,0.54
52881.067,-6.3,6.4,12.5,0.00,0.66
52888.084,-6.4,6.4,12.9,0.00,0.57
52895.084,-6.3,6.4,12.8,0.00,0.38
52901.069,-6.3,6.4,12.5,0.00,0.35
52906.421,-6.3,6.4,12.5,0.00,0.22
52913.069,-6.3,6.4,12.2,0.00,0.20
52919.179,-6.3,6.4,12.6,0.00,0.48
52925.066,-6.4,6.4,13.6,0.00,0.26
52931.167,-6.5,6.4,14.0,0.00,0.42
52937.062,-6.5,6.4,13.5,0.00,0.35
52942.210,-6.5,6.4,13.9,0.00,0.24
52948.222,-6.5,6.4,13.9,0.00,0.24
52953.560,-6.5,6.4,14.0,0.00,0.23
52958.695,-6.5,6.4,12.8,0.00,0.27
52964.568,-6.5,6.4,14.4,0.00,0.16
52969.691,-6.5,6.4,14.1,0.00,0.38
52975.065,-6.5,6.4,13.6,0.00,0.25
52980.562,-6.5,6.4,13.1,0.00,0.29
52986.066,-6.5,6.4,13.4,0.00,0.16
52991.443,-6.4,6.4,14.5,0.00,0.17
52997.072,-6.5,6.4,14.1,0.00,0.23
53002.401,-6.5,6.4,13.7,0.00,0.23
53008.091,-6.5,6.4,13.7,0.00,0.27
53013.416,-6.5,6.4,13.7,0.00,0.23
53019.074,-6.5,6.4,13.1,0.00,0.23
53024.126,-6.6,6.4,13.7,0.00,0.27
53029.391,-6.6,6.4,13.9,0.00,0.23
53035.108,-6.6,6.4,14.0,0.00,0.15
53041.066,-6.6,6.4,14.8,0.00,0.16
53046.211,-6.7,6.5,14.3,0.00,0.11
53053.073,-6.7,6.5,13.0,0.00,0.22
53058.717,-6.7,6.5,13.4,0.00,0.12
53063.738,-6.7,6.5,13.1,0.00,0.16
53069.567,-6.7,6.5,13.1,0.00,0.17
53075.082,-6.8,6.5,14.1,0.00,0.21
53080.197,-6.8,6.5,14.0,0.00,0.17
53087.377,-6.8,6.5,14.7,0.00,0.18
53093.329,-6.8,6.5,15.1,0.00,0.15
53098.541,-6.8,6.5,14.1,0.00,0.16
53105.391,-6.8,6.5,13.7,0.00,0.23
53112.367,-6.8,6.5,14.1,0.00,0.17
53117.388,-6.8,6.5,14.1,0.00,0.15
53122.624,-6.8,6.5,13.6,0.00,0.15
53129.081,-6.8,6.5,14.5,0.00,0.20
53134.140,-6.8,6.5,12.9,0.00,0.21
53139.516,-6.9,6.6,12.5,0.00,0.65
53145.371,-6.9,6.6,12.9,0.00,0.70
53150.748,-7.0,6.6,13.4,0.00,0.49
53155.770,-7.0,6.6,13.2,0.00,0.46
53160.793,-7.1,6.6,13.4,0.00,0.56
53165.819,-7.1,6.6,13.8,0.00,0.40
53170.841,-7.2,6.7,13.1,0.00,0.55
53177.114,-7.2,6.7,12.5,0.00,0.68
53182.197,-7.2,6.7,12.2,0.00,0.35
53187.837,-7.3,6.7,12.8,0.00,0.31
53193.604,-7.3,6.7,13.2,0.00,0.21
53199.230,-7.3,6.7,12.4,0.00,0.20
53206.212,-7.3,6.7,13.7,0.00,0.12
53212.598,-7.4,6.7,15.1,0.00,0.14
53219.081,-7.4,6.7,14.8,0.00,0.16
53225.074,-7.4,6.8,12.5,0.00,0.12
53231.071,-7.4,6.8,12.3,0.00,0.39
53237.071,-7.5,6.8,11.4,0.00,0.16
53242.151,-7.5,6.8,11.8,0.00,0.20
53249.251,-7.5,6.8,13.4,0.00,0.22
53257.089,-7.6,6.8,14.5,0.00,0.22
53263.091,-7.6,6.8,14.3,0.00,0.13
53270.094,-7.7,6.9,14.1,0.00,0.34
53277.174,-7.7,6.9,13.5,0.00,0.18
53283.083,-7.7,6.9,12.6,0.00,0.12
53289.158,-8.6,9.0,13.2,0.00,0.46
53295.538,-5.4,8.4,14.2,0.00,0.29
53302.087,-6.1,8.1,13.0,0.00,0.49
53309.071,-6.4,8.2,12.1,0.00,0.25
53315.166,-6.4,8.2,12.2,0.00,0.37
53321.062,-6.3,8.3,11.8,0.00,0.20
53328.066,-6.3,8.4,12.2,0.00,0.23
53334.077,-6.8,8.6,12.3,0.00,0.50
53341.297,-7.5,8.8,11.4,0.00,0.21
53348.086,-7.5,8.8,11.3,0.00,0.25
53353.456,-7.5,8.8,11.2,0.00,0.33
53359.083,-7.5,8.8,11.4,0.00,0.26
53366.069,-8.0,9.0,11.5,0.00,0.22
53372.093,-9.1,9.3,11.6,0.00,0.33
53377.713,-9.2,9.4,11.9,0.00,0.34
53383.074,-9.2,9.4,11.8,0.00,0.29
53389.077,-9.2,9.4,11.5,0.00,0.48
53395.071,-9.3,9.4,11.9,0.00,0.46
53401.100,-9.2,9.4,12.6,0.00,0.25
53408.077,-9.2,9.4,12.3,0.00,0.17
53414.192,-9.2,9.5,11.6,0.00,0.40
53421.068,-9.2,9.5,11.1,0.00,0.19
53427.073,-9.2,9.5,11.3,0.00,0.47
53432.494,-9.2,9.5,10.9,0.00,0.36
53439.159,-9.2,9.5,10.9,0.00,0.25
53445.065,-9.2,9.5,11.1,0.00,0.22
53450.337,-9.3,9.5,11.1,0.00,0.21
53457.080,-9.4,9.6,11.5,0.00,0.16
53463.173,-9.4,9.6,12.4,0.00,0.22
53469.070,-9.5,9.7,12.1,0.00,0.24
53475.062,-9.7,9.7,12.4,0.00,0.21
53480.565,-9.9,9.8,12.6,0.00,0.20
53486.316,-10.2,9.9,13.0,0.00,0.25
53492.150,-10.3,9.9,12.3,0.00,0.27
53498.064,-10.3,9.9,11.5,0.00,0.23
53504.142,-10.4,10.0,11.6,0.00,0.27
53511.089,-10.4,10.0,11.9,0.00,0.20
53517.062,-10.4,9.9,11.9,0.00,0.24
53522.067,-10.8,10.2,11.3,0.00,0.08
53527.094,-10.8,10.2,11.5,0.00,0.36
53532.650,-10.8,10.2,12.0,0.00,0.24
53537.675,-10.8,10.2,12.6,0.00,0.20
53542.695,-10.8,10.2,11.7,0.00,0.13
53549.220,-10.8,10.2,12.0,0.00,0.18
53555.072,-10.8,10.2,12.3,0.00,0.26
53560.437,-10.8,10.2,13.4,0.00,0.18
53565.457,-10.8,10.2,14.6,0.00,0.56
53570.466,-10.8,10.2,13.4,0.00,0.24
53575.486,-10.8,10.2,12.3,0.00,0.13
53580.504,-10.8,10.3,12.6,0.00,0.12
53585.511,-10.9,10.3,12.3,0.00,0.11
53590.538,-10.9,10.3,11.4,0.00,0.10
53596.089,-10.9,10.3,11.6,0.00,0.13
53601.169,-10.9,10.3,11.4,0.00,0.20
53606.738,-10.9,10.3,11.6,0.00,0.14
53614.083,-10.9,10.3,11.7,0.00,0.18
53621.224,-10.9,10.4,11.9,0.00,0.17
53626.700,-10.9,10.4,13.1,0.00,0.22
53631.714,-10.9,10.4,11.8,0.00,0.13
53636.735,-10.9,10.4,11.6,0.00,0.13
53643.064,-11.0,10.4,10.8,0.00,0.10
53648.067,-11.1,10.5,10.9,0.00,0.12
53653.140,-11.1,10.5,11.1,0.00,0.12
53659.213,-11.2,10.6,11.4,0.00,0.13
53666.121,-11.3,10.7,11.0,0.00,0.12
53672.184,-11.3,10.6,11.2,0.00,0.14
53678.210,-11.2,10.7,11.5,0.00,0.12
53684.074,-11.2,10.7,12.2,0.00,0.11
53689.196,-11.2,10.7,12.0,0.00,0.14
53696.205,-11.1,10.6,11.5,0.00,0.11
53702.081,-11.1,10.7,11.6,0.00,0.15
53708.208,-11.1,10.7,11.2,0.00,0.11
53714.067,-11.1,10.7,12.3,0.00,0.27
53720.201,-11.1,10.7,13.8,0.00,0.12
53726.180,-11.1,10.7,12.4,0.00,0.20
53733.070,-11.1,10.7,11.6,0.00,0.10
53738.091,-11.1,10.7,11.2,0.00,0.11
53743.380,-11.1,10.8,11.2,0.00,0.11
53748.390,-11.1,10.8,11.2,0.00,0.09
53754.588,-11.1,10.8,11.2,0.00,0.12
53762.082,-11.0,10.8,11.2,0.00,0.10
53768.071,-11.0,10.8,11.0,0.00,0.12
53775.064,-11.0,10.8,11.2,0.00,0.16
53780.414,-11.0,10.8,11.3,0.00,0.11
53785.451,-10.9,10.7,11.3,0.00,0.15
53791.153,-10.9,10.7,11.3,0.00,0.13
53796.169,-10.9,10.7,11.3,0.00,0.19
53801.188,-10.9,10.7,11.3,0.00,0.09
53808.234,-10.9,10.7,11.2,0.00,0.14
53816.067,-10.8,10.7,11.6,0.00,0.15
53821.084,-10.8,10.7,11.9,0.00,0.13
53826.553,-10.8,10.7,11.5,0.00,0.13
53831.835,-11.1,10.9,11.5,0.00,0.11
53837.089,-11.5,11.1,11.5,0.00,0.12
53843.074,-11.9,11.3,11.4,0.00,0.09
53849.172,-12.1,11.4,11.4,0.00,0.13
53855.148,-12.1,11.4,11.5,0.00,0.12
53861.164,-12.1,11.4,11.8,0.00,0.16
53867.066,-12.1,11.4,12.2,0.00,0.25
53872.076,-12.1,11.4,12.2,0.00,0.12
53878.066,-12.1,11.4,11.9,0.00,0.20
53883.836,-12.1,11.4,11.5,0.00,0.15
53889.068,-12.1,11.4,11.4,0.00,0.10
53894.084,-12.0,11.3,11.3,0.00,0.18
53899.103,-12.0,11.3,11.2,0.00,0.30
53905.083,-12.2,11.4,11.3,0.00,0.18
53911.060,-12.8,11.8,12.9,0.00,0.21
53916.871,-12.8,11.8,11.9,0.00,0.12
53922.094,-13.0,11.9,11.8,0.00,0.13
53927.108,-13.0,11.9,12.0,0.00,0.08
53932.140,-13.0,11.9,12.7,0.00,0.16
53937.151,-13.0,11.9,12.5,0.00,0.11
53943.173,-13.5,12.1,12.7,0.00,0.10
53948.323,-13.8,12.2,12.7,0.00,0.20
53954.073,-13.8,12.2,12.5,0.00,0.12
53960.078,-13.9,12.2,11.8,0.00,0.16
53967.179,-13.9,12.2,11.6,0.00,0.22
53973.139,-14.0,12.2,13.2,0.00,0.41
53979.089,-14.0,12.2,11.9,0.00,0.20
53985.066,-14.4,12.4,11.9,0.00,0.26
53990.078,-14.5,12.5,11.7,0.00,0.13
53996.068,-14.5,12.5,11.7,0.00,0.20
54002.094,-14.6,12.5,12.5,0.00,0.17
54008.092,-15.1,12.7,13.4,0.00,0.23
54014.071,-15.0,12.7,13.1,0.00,0.25
54020.094,-15.0,12.6,12.4,0.00,0.34
54027.111,-15.0,12.6,11.8,0.00,0.51
54033.113,-15.1,12.7,12.4,0.00,0.21
54039.096,-15.1,12.6,12.6,0.00,0.29
54045.113,-15.1,12.6,12.2,0.00,0.29
54051.107,-15.0,12.6,11.7,0.00,0.48
54057.172,-15.0,12.6,12.2,0.00,0.35
54064.171,-15.0,12.6,12.0,0.00,0.37
54070.084,-15.0,12.6,12.0,0.00,0.23
54075.706,-15.0,12.6,12.0,0.00,0.20
54082.296,-15.0,12.5,12.6,0.00,0.52
54088.244,-14.9,12.5,12.3,0.00,0.53
54094.146,-14.9,12.5,12.2,0.00,0.27
54099.687,-14.8,12.4,16.1,0.00,0.51
54105.101,-14.8,12.4,21.2,0.00,0.34
54110.314,-14.8,12.4,15.5,0.00,0.35
54116.166,-14.8,12.4,14.6,0.00,0.21
54121.626,-14.8,12.4,12.1,0.00,0.16
54128.080,-14.8,12.4,11.9,0.00,0.16
54134.069,-14.8,12.4,11.8,0.00,0.10
54140.117,-14.8,12.4,11.5,0.00,0.15
54147.110,-14.8,12.4,11.7,0.00,0.15
54153.081,-14.8,12.4,11.8,0.00,0.14
54158.584,-14.8,12.4,12.1,0.00,0.10
54164.077,-14.8,12.4,11.8,0.00,0.14
54170.074,-14.8,12.4,11.8,0.00,0.19
54176.071,-14.8,12.4,12.1,0.00,0.33
54182.074,-14.8,12.4,12.6,0.00,0.27
54188.154,-14.8,12.4,12.5,0.00,0.22
54194.075,-14.9,12.4,12.3,0.00,0.39
54199.413,-15.1,12.5,15.7,0.00,0.31
54204.448,-15.1,12.6,16.1,0.00,0.42
54209.558,-15.2,12.6,14.2,0.00,0.47
54215.521,-15.8,12.9,12.1,0.00,0.56
54221.167,-17.6,13.8,12.8,0.00,0.21
54227.117,-19.8,14.9,11.1,0.00,0.15
54233.078,-20.3,15.2,11.0,0.00,0.10
54239.207,-20.8,15.5,11.5,0.00,0.12
54245.078,-20.9,15.5,12.5,0.00,0.23
54251.058,-21.0,15.4,17.4,0.00,0.22
54257.080,-21.0,15.4,17.9,0.00,0.16
54262.524,-21.5,15.6,11.4,0.00,0.12
54268.083,-21.4,15.6,10.9,0.00,0.11
54274.243,-21.5,15.6,10.7,0.00,0.28
54281.164,-21.5,15.6,10.3,0.00,0.16
54287.158,-21.5,15.6,11.2,0.00,0.16
54293.124,-21.5,15.6,12.3,0.00,0.16
54299.116,-21.5,15.6,11.8,0.00,0.18
54305.102,-21.5,15.6,12.3,0.00,0.35
54312.091,-21.5,15.6,12.0,0.00,0.43
54318.063,-21.4,15.4,13.4,0.00,0.43
54323.188,-21.4,15.4,13.3,0.00,0.29
54330.167,-21.4,15.4,14.5,0.00,0.29
54335.721,-21.4,15.4,14.6,0.00,0.20
54341.059,-21.4,15.4,13.9,0.00,0.18
54346.828,-21.4,15.4,13.5,0.00,0.16
54352.822,-21.3,15.5,13.0,0.00,0.12
54358.122,-21.3,15.5,12.1,0.00,0.20
54363.539,-21.3,15.5,13.6,0.00,0.17
54369.129,-21.3,15.5,13.9,0.00,0.22
54374.441,-21.3,15.5,13.1,0.00,0.35
54380.093,-21.3,15.5,12.3,0.00,0.20
54385.130,-21.3,15.5,12.1,0.00,0.32
54390.522,-21.3,15.5,12.3,0.00,0.52
54397.067,-21.3,15.5,12.1,0.00,0.50
54403.087,-21.2,15.5,11.9,0.00,0.39
54409.182,-21.2,15.5,14.4,0.00,0.32
54416.067,-21.2,15.5,13.7,0.00,0.20
54422.059,-21.2,15.5,12.5,0.00,0.43
54428.077,-21.2,15.5,11.9,0.00,0.18
54433.828,-21.3,15.5,11.6,0.00,0.22
54441.069,-21.3,15.5,12.8,0.00,0.16
54447.096,-20.4,14.7,12.9,0.00,0.13
54453.138,-20.3,14.5,14.1,0.00,0.16
54458.344,-19.9,14.2,14.3,0.00,0.19
54464.076,-19.9,14.2,13.6,0.00,0.14
54469.160,-19.9,14.2,12.9,0.00,0.12
54475.066,-19.9,14.2,12.3,0.00,0.14
54480.148,-19.9,14.2,12.0,0.00,0.17
54485.891,-19.9,14.2,12.5,0.00,0.08
54492.071,-19.1,13.5,16.4,0.00,0.11
54497.085,-19.1,13.5,20.2,0.00,0.32
54502.104,-19.1,13.5,13.2,0.00,0.08
54508.448,-19.1,13.5,12.6,0.00,0.11
54514.078,-19.2,13.5,12.5,0.00,0.33
54519.566,-19.2,13.5,12.2,0.00,0.14
54525.155,-19.2,13.5,12.4,0.00,0.20
54531.077,-19.2,13.5,12.4,0.00,0.10
54536.089,-19.2,13.5,12.6,0.00,0.14
54542.067,-19.2,13.5,12.3,0.00,0.17
54547.093,-19.2,13.5,11.9,0.00,0.08
54553.569,-19.3,13.5,12.0,0.00,0.13
54559.077,-19.3,13.5,11.9,0.00,0.41
54564.278,-19.3,13.5,11.6,0.00,0.20
54569.552,-19.3,13.5,11.6,0.00,0.24
54574.569,-19.3,13.5,17.6,0.00,0.39
54579.581,-19.3,13.5,16.0,0.00,0.16
54584.589,-19.2,13.5,13.3,0.00,0.20
54589.611,-19.2,13.5,12.0,0.00,0.28
54594.632,-19.2,13.5,11.6,0.00,0.13
54599.652,-19.2,13.5,11.3,0.00,0.39
54604.676,-19.2,13.5,11.7,0.00,0.77
54609.697,-19.2,13.5,12.1,0.00,0.77
54614.713,-19.2,13.5,11.7,0.00,0.29
54619.741,-19.2,13.5,11.7,0.00,0.33
54624.760,-19.2,13.5,11.6,0.00,0.26
54629.781,-19.2,13.5,11.6,0.00,0.34
54635.549,-18.4,13.1,11.7,0.00,0.37
54640.717,-18.4,13.2,11.7,0.00,0.31
54646.188,-16.2,11.6,11.6,0.00,0.19
54652.078,-14.0,10.9,11.6,0.00,0.14
54658.086,-13.2,10.6,11.5,0.00,0.21
54663.159,-12.6,9.9,11.5,0.00,0.09
54668.861,-13.0,10.1,11.4,0.00,0.52
54673.965,-13.1,10.1,11.3,0.00,0.13
54678.992,-13.1,10.1,11.3,0.00,0.34
54684.013,-13.1,10.1,11.5,0.00,0.25
54689.024,-12.9,9.9,11.5,0.00,0.22
54694.063,-11.9,9.5,11.8,0.00,0.16
54699.080,-11.9,9.4,11.9,0.00,0.11
54704.093,-11.9,9.4,11.5,0.00,0.15
54709.109,-11.9,9.4,11.5,0.00,0.15
54714.128,-12.0,9.4,11.3,0.00,0.21
54719.158,-12.2,9.5,11.1,0.00,0.22
54724.179,-12.2,9.6,11.0,0.00,0.10
54729.204,-12.3,9.6,11.1,0.00,0.10
54734.231,-12.4,9.6,10.9,0.00,0.11
54739.252,-12.4,9.6,11.2,0.00,0.35
54744.277,-12.4,9.6,11.8,0.00,0.22
54749.303,-12.5,9.6,11.6,0.00,0.19
54754.328,-11.6,9.1,11.9,0.00,0.15
54759.346,-10.9,8.7,13.4,0.00,0.22
54764.370,-11.0,8.7,12.0,0.00,0.24
54769.393,-8.9,7.3,12.7,0.00,0.12
54774.516,-7.4,6.2,14.6,0.00,0.11
54779.542,-7.4,6.2,12.7,0.00,0.17
54784.566,-7.4,6.2,13.3,0.00,0.21
54789.595,-7.4,6.2,12.6,0.00,0.31
54794.623,-7.5,6.2,12.4,0.00,0.25
54799.642,-7.5,6.2,12.3,0.00,0.14
54804.661,-7.5,6.2,14.1,0.00,0.23
54809.691,-7.6,6.2,14.4,0.00,0.19
54814.714,-7.6,6.2,12.8,0.00,0.14
54819.747,-7.6,6.2,12.2,0.00,0.08
54824.769,-7.7,6.2,11.8,0.00,0.29
54829.787,-7.7,6.2,11.5,0.00,0.09
54834.822,-4.4,4.1,12.1,0.00,0.12
54839.844,-3.9,3.7,12.9,0.00,0.16
54844.871,-3.5,3.4,13.0,0.00,0.09
54849.892,-3.5,3.4,11.9,0.00,0.17
54854.913,-3.5,3.4,11.7,0.00,0.16
54859.936,-3.5,3.4,11.8,0.00,0.08
54864.961,-3.5,3.4,12.1,0.00,0.12
54869.989,-3.5,3.4,11.6,0.00,0.16
54875.004,-3.5,3.5,11.5,0.00,0.15
54880.016,-3.6,3.6,11.3,0.00,0.16
54885.026,-3.6,3.6,11.4,0.00,0.17
54890.035,-3.6,3.6,11.5,0.00,0.38
54895.050,-3.6,3.6,11.5,0.00,0.26
54900.071,-3.7,3.6,11.5,0.00,0.21
54905.231,-3.7,3.6,11.0,0.00,0.14
54911.070,-3.7,3.6,10.7,0.00,0.16
54916.425,-3.7,3.6,10.6,0.00,0.11
54921.729,-3.7,3.6,10.6,0.00,0.15
54927.140,-3.5,3.5,11.2,0.00,0.11
54933.084,-3.4,3.4,11.6,0.00,0.09
54939.067,0.5,0.9,13.1,0.00,0.14
54944.121,0.6,0.8,14.6,0.00,0.11
54949.137,0.7,0.8,14.0,0.00,0.15
54954.158,0.7,0.8,13.7,0.00,0.16
54959.176,0.9,0.7,15.2,0.00,0.18
54964.193,0.9,0.7,14.1,0.00,0.09
54969.206,0.9,0.7,12.2,0.00,0.11
54974.225,0.9,0.7,11.7,0.00,0.11
54979.241,1.0,0.7,11.6,0.00,0.11
54984.264,0.9,0.7,11.5,0.00,0.08
54989.287,0.9,0.7,11.6,0.00,0.11
54994.294,0.9,0.7,11.5,0.00,0.09
54999.564,0.9,0.7,11.2,0.00,0.15
55005.214,0.8,0.7,11.0,0.00,0.09
55010.827,0.8,0.7,10.9,0.00,0.15
55015.962,0.7,0.7,11.4,0.00,0.11
55021.079,0.7,0.7,11.3,0.00,0.13
55028.066,0.6,0.7,11.4,0.00,0.18
55033.707,0.6,0.7,11.4,0.00,0.14
55039.072,0.5,0.7,11.4,0.00,0.11
55044.668,0.4,0.7,11.4,0.00,0.11
55050.229,0.1,0.7,11.5,0.00,0.16
55055.447,0.0,0.8,11.4,0.00,0.17
55060.636,-0.0,0.8,11.2,0.00,0.21
55067.094,-0.1,0.8,11.3,0.00,0.22
55073.149,-0.1,0.8,11.4,0.00,0.15
55078.355,-0.1,0.8,11.3,0.00,0.10
55084.090,-0.1,0.8,11.5,0.00,0.20
55089.096,-0.1,0.8,11.3,0.00,0.08
55096.185,-0.2,0.8,10.8,0.00,0.08
55101.200,-0.2,0.8,10.8,0.00,0.11
55106.828,-0.1,0.7,11.3,0.00,0.09
55112.090,0.2,0.5,12.7,0.00,0.09
55118.084,0.3,0.4,12.7,0.00,0.11
55124.096,0.9,0.2,13.3,0.00,0.15
55130.091,0.9,0.2,12.2,0.00,0.14
55135.144,5.0,-2.6,12.8,0.00,0.11
55140.548,5.0,-2.6,12.1,0.00,0.08
55145.848,5.0,-2.6,11.5,0.00,0.08
55151.075,4.9,-2.6,11.4,0.00,0.09
55156.554,5.0,-2.6,11.9,0.00,0.11
55162.075,5.0,-2.6,11.6,0.00,0.10
55167.136,4.9,-2.6,11.4,0.00,0.09
55173.085,6.9,-3.9,12.1,0.00,0.08
55180.068,6.9,-3.9,12.0,0.00,0.09
55186.070,6.8,-3.9,11.7,0.00,0.14
55192.079,6.8,-3.9,11.6,0.00,0.21
55197.895,6.7,-3.8,13.3,0.00,0.19
55203.078,6.7,-3.8,14.9,0.00,0.20
55208.720,6.6,-3.8,15.5,0.00,0.25
55213.801,6.6,-3.8,14.5,0.00,0.22
55219.557,6.6,-3.8,12.8,0.00,0.11
55226.079,6.6,-3.8,13.3,0.00,0.32
55232.133,6.6,-3.8,21.6,0.00,0.44
55238.569,6.6,-3.8,23.4,0.00,0.40
55244.539,6.6,-3.8,16.3,0.00,0.34
55250.224,6.6,-3.8,15.0,0.00,0.32
55257.143,6.6,-3.8,14.6,0.00,0.30
55263.061,6.6,-3.8,13.5,0.00,0.34
55269.069,6.6,-3.8,13.3,0.00,0.33
55275.089,6.6,-3.8,13.7,0.00,0.41
55280.165,6.6,-3.8,13.4,0.00,0.47
55286.076,6.6,-3.8,13.6,0.00,0.47
55292.084,6.6,-3.8,13.9,0.00,0.21
55299.061,6.6,-3.8,16.9,0.00,0.57
55304.536,6.6,-3.8,15.8,0.00,0.15
55311.068,6.5,-3.8,12.9,0.00,0.27
55317.226,6.5,-3.8,13.9,0.00,0.55
55324.086,6.5,-3.8,16.4,0.00,0.35
55330.068,6.5,-3.8,24.3,0.00,0.57
55335.299,6.5,-3.8,26.6,0.00,0.37
55340.312,6.5,-3.8,20.5,0.00,0.48
55346.057,6.5,-3.8,22.9,0.00,0.37
55351.143,6.5,-3.8,21.0,0.00,0.18
55357.047,6.5,-3.8,12.1,0.00,0.22
55362.419,6.5,-3.8,11.7,0.00,0.18
55367.440,6.4,-3.7,11.4,0.00,0.40
55372.756,6.4,-3.7,13.2,0.00,0.11
55378.757,6.3,-3.7,12.0,0.00,0.19
55384.079,6.3,-3.7,11.7,0.00,0.09
55389.081,6.2,-3.7,11.5,0.00,0.19
55395.077,6.2,-3.6,11.2,0.00,0.22
55400.416,6.2,-3.6,11.8,0.00,0.15
55406.078,6.1,-3.6,11.8,0.00,0.14
55412.073,6.1,-3.6,11.9,0.00,0.19
55417.179,6.0,-3.6,12.6,0.00,0.30
55422.194,5.9,-3.5,12.7,0.00,0.12
55427.564,5.8,-3.5,13.1,0.00,0.14
55433.098,5.8,-3.5,11.8,0.00,0.11
55438.121,5.8,-3.4,12.0,0.00,0.10
55443.136,5.7,-3.4,12.0,0.00,0.08
55448.155,5.7,-3.4,11.6,0.00,0.08
55453.174,5.6,-3.4,11.2,0.00,0.08
55458.193,5.6,-3.4,11.0,0.00,0.11
55463.214,5.6,-3.4,11.3,0.00,0.09
55468.235,5.5,-3.4,11.3,0.00,0.09
55473.257,5.5,-3.4,11.0,0.00,0.08
55478.273,5.5,-3.3,10.7,0.00,0.08
55483.297,5.4,-3.3,11.0,0.00,0.08
55488.314,5.3,-3.2,11.0,0.00,0.07
55493.335,5.3,-3.2,11.1,0.00,0.10
55498.361,5.3,-3.2,10.7,0.00,0.09
55503.385,5.2,-3.2,10.9,0.00,0.08
55508.410,5.2,-3.2,10.6,0.00,0.07
55513.427,5.2,-3.2,10.6,0.00,0.07
55518.448,5.1,-3.2,10.1,0.00,0.11
55523.470,5.1,-3.2,9.9,0.00,0.08
55528.497,5.1,-3.2,9.9,0.00,0.08
55533.522,5.1,-3.1,10.3,0.00,0.10
55539.554,5.0,-3.1,9.9,0.00,0.10
55545.126,5.0,-3.1,9.9,0.00,0.13
55550.811,5.0,-3.1,10.2,0.00,0.12
55556.182,5.0,-3.1,10.9,0.00,0.12
55562.094,4.9,-3.0,10.7,0.00,0.12
55568.062,4.9,-3.0,10.8,0.00,0.13
55574.185,4.9,-3.0,10.6,0.00,0.12
55580.150,4.9,-3.0,10.8,0.00,0.13
55585.162,4.9,-3.0,11.2,0.00,0.16
55590.600,4.8,-3.0,10.9,0.00,0.10
55596.207,4.8,-3.0,11.1,0.00,0.16
55601.395,4.8,-3.0,10.6,0.00,0.12
55607.084,4.8,-3.0,10.3,0.00,0.10
55612.591,4.8,-2.9,9.9,0.00,0.10
55617.614,4.7,-2.9,9.9,0.00,0.08
55622.840,4.7,-2.9,9.9,0.00,0.28
55628.204,4.7,-2.9,9.9,0.00,0.10
55633.249,4.7,-2.9,9.9,0.00,0.14
55638.606,6.9,-4.3,11.2,0.00,0.21
55644.202,7.2,-4.5,12.1,0.00,0.18
55651.088,7.1,-4.5,11.6,0.00,0.24
55656.967,7.1,-4.5,11.4,0.00,0.27
55662.151,7.0,-4.5,11.3,0.00,0.25
55668.084,7.0,-4.4,10.9,0.00,0.34
55674.071,7.0,-4.4,10.5,0.00,0.24
55679.746,7.0,-4.4,10.2,0.00,0.17
55685.255,6.9,-4.4,11.1,0.00,0.44
55692.077,6.9,-4.4,11.4,0.00,0.32
55698.092,6.9,-4.3,11.7,0.00,0.53
55703.580,5.3,-3.6,12.3,0.00,0.53
55709.552,1.9,-1.7,10.9,0.00,0.15
55716.180,-0.2,-0.5,10.8,0.00,0.28
55722.146,-0.6,-0.2,11.0,0.00,0.43
55728.164,-0.7,-0.2,10.7,0.00,0.37
55734.165,-0.7,-0.2,10.1,0.00,0.26
55740.164,-0.7,-0.2,10.0,0.00,0.26
55746.147,-0.7,-0.2,10.1,0.00,0.27
55752.138,-0.7,-0.2,10.6,0.00,0.24
55758.078,-0.7,-0.2,11.5,0.00,0.33
55763.197,-0.6,-0.3,12.1,0.00,0.32
55769.147,-0.5,-0.5,11.8,0.00,0.27
55775.081,-0.5,-0.6,11.9,0.00,0.10
55780.271,-0.5,-0.6,11.0,0.00,0.18
55786.074,-0.7,-0.6,10.7,0.00,0.24
55792.080,-0.8,-0.6,11.7,0.00,0.25
55798.192,-0.8,-0.6,11.8,0.00,0.24
55805.136,-0.9,-0.6,11.3,0.00,0.17
55811.090,-0.9,-0.6,11.3,0.00,0.20
55817.148,-0.9,-0.6,12.3,0.00,0.23
55823.097,-0.6,0.1,11.7,0.00,0.17
55829.063,-0.4,0.6,11.3,0.00,0.16
55834.070,-1.1,0.6,11.1,0.00,0.40
55840.130,-1.5,0.7,10.8,0.00,0.15
55847.126,-1.3,0.7,10.9,0.00,0.24
55853.109,-0.7,0.4,12.0,0.00,0.39
55859.167,-0.7,0.4,12.3,0.00,0.27
55866.178,-0.7,0.4,11.3,0.00,0.40
55872.112,-0.7,0.4,11.1,0.00,0.22
55878.083,-0.7,0.3,10.8,0.00,0.25
55884.086,-0.8,0.4,11.5,0.00,0.22
55889.162,-0.8,0.4,11.6,0.00,0.24
55895.073,-0.8,0.4,11.4,0.00,0.37
55901.061,-0.8,0.4,11.4,0.00,0.22
55906.093,-0.8,0.3,11.2,0.00,0.18
55912.069,-0.8,0.3,11.0,0.00,0.52
55918.084,-0.8,0.3,11.3,0.00,0.52
55924.082,-0.8,0.3,10.9,0.00,0.34
55930.082,-0.8,0.3,11.4,0.00,0.21
55936.073,-0.9,0.4,11.8,0.00,0.29
55941.115,-0.9,0.4,11.2,0.00,0.20
55947.083,-1.1,0.5,10.8,0.00,0.36
55953.073,-1.1,0.5,11.0,0.00,0.25
55960.071,-1.4,0.6,11.0,0.00,0.36
55966.111,-1.4,0.6,11.0,0.00,0.10
55972.134,-1.3,0.6,10.9,0.00,0.44
55979.067,-1.3,0.6,10.9,0.00,0.25
55985.136,-1.4,0.6,10.8,0.00,0.20
55992.083,-1.4,0.7,10.5,0.00,0.33
55998.329,-1.4,0.7,10.5,0.00,0.30
56004.264,-1.3,0.6,10.9,0.00,0.47
56011.079,-1.3,0.6,11.4,0.00,0.51
56017.068,-1.3,0.6,10.9,0.00,0.24
56024.046,-1.3,0.6,11.3,0.00,0.21
56030.078,-1.3,0.6,11.4,0.00,0.23
56035.681,-1.4,0.6,10.9,0.00,0.08
56041.084,-1.4,0.7,10.6,0.00,0.17
56046.540,-1.5,0.7,10.6,0.00,0.08
56052.157,-1.7,0.8,9.9,0.00,0.17
56058.045,-1.7,0.8,10.5,0.00,0.12
56063.059,-1.7,0.8,10.6,0.00,0.09
56068.095,-1.7,0.8,10.4,0.00,0.11
56074.085,-1.7,0.8,10.4,0.00,0.12
56080.150,-1.7,0.9,10.2,0.00,0.10
56086.096,-1.8,0.9,10.5,0.00,0.10
56093.066,-1.8,0.9,11.3,0.00,0.12
56099.088,-1.8,0.9,11.2,0.00,0.11
56105.079,-1.8,0.9,10.9,0.00,0.09
56111.149,-1.8,0.9,10.7,0.00,0.12
56117.111,-1.8,0.9,10.5,0.00,0.10
56124.193,-1.8,0.9,10.4,0.00,0.08
56130.086,-1.8,0.9,10.7,0.00,0.15
56136.070,-1.9,0.9,10.1,0.00,0.12
56142.133,-1.9,0.9,10.3,0.00,0.10
56148.124,-1.9,0.9,9.9,0.00,0.08
56153.141,-1.5,0.7,10.4,0.00,0.13
56158.150,-0.6,0.2,10.9,0.00,0.10
56163.171,-0.2,-0.0,11.0,0.00,0.08
56168.187,-0.1,-0.1,10.9,0.00,0.08
56173.750,-0.1,-0.1,11.0,0.00,0.09
56179.079,-0.1,-0.1,10.4,0.00,0.08
56184.453,-0.2,-0.1,9.9,0.00,0.11
56190.070,-0.4,0.1,9.9,0.00,0.09
56196.075,-0.5,0.1,9.9,0.00,0.08
56202.394,-0.7,0.1,9.9,0.00,0.11
56208.269,-0.7,0.1,10.5,0.00,0.12
56214.301,-0.8,0.2,10.4,0.00,0.09
56219.359,-0.8,0.2,10.6,0.00,0.09
56226.081,-0.4,0.0,11.8,0.00,0.25
56231.801,-0.5,-0.0,11.7,0.00,0.18
56237.569,-0.5,-0.0,11.8,0.00,0.31
56243.561,-0.5,-0.0,12.6,0.00,0.36
56250.066,-0.5,-0.0,14.9,0.00,0.22
56256.067,-0.5,0.0,13.2,0.00,0.20
56262.064,-0.5,0.0,11.7,0.00,0.38
56267.812,-0.5,0.0,11.5,0.00,0.29
56272.849,-0.6,0.0,13.5,0.00,0.21
56277.872,0.1,-0.4,12.9,0.00,0.23
56282.889,0.2,-0.4,12.8,0.00,0.26
56287.915,0.2,-0.4,12.7,0.00,0.15
56292.929,0.7,-0.7,12.0,0.00,0.12
56297.946,0.4,-0.7,11.5,0.00,0.15
56303.077,0.2,-0.7,11.8,0.00,0.20
56308.086,0.1,-0.7,11.6,0.00,0.12
56313.093,0.0,-0.7,10.8,0.00,0.11
56318.112,0.0,-0.7,10.8,0.00,0.17
56323.129,-0.1,-0.7,11.1,0.00,0.20
56328.143,-0.2,-0.7,11.2,0.00,0.43
56333.163,-0.2,-0.7,11.0,0.00,0.20
56338.183,-0.2,-0.7,10.9,0.00,0.12
56343.198,-0.3,-0.7,11.1,0.00,0.31
56348.221,-0.3,-0.6,11.2,0.00,0.34
56353.244,-0.3,-0.6,10.8,0.00,0.43
56358.250,-0.4,-0.6,11.8,0.00,0.47
56363.269,-0.4,-0.6,11.9,0.00,0.47
56368.290,-0.4,-0.6,10.4,0.00,0.30
56373.311,-0.4,-0.6,10.2,0.00,0.32
56378.334,-0.4,-0.6,10.6,0.00,0.24
56383.355,-0.4,-0.6,10.5,0.00,0.18
56389.234,-0.4,-0.6,11.1,0.00,0.15
56394.264,-0.5,-0.6,11.3,0.00,0.22
56399.275,-0.6,-0.6,11.0,0.00,0.24
56404.299,-0.7,-0.6,11.5,0.00,0.65
56409.308,-0.7,-0.6,12.4,0.00,0.59
56414.340,-0.7,-0.6,12.8,0.00,0.47
56419.360,-0.7,-0.6,14.3,0.00,0.54
56424.372,-0.7,-0.6,14.2,0.00,0.31
56429.392,-0.7,-0.6,12.9,0.00,0.20
56434.416,-0.7,-0.6,12.6,0.00,0.20
56439.435,-0.7,-0.6,13.1,0.00,0.33
56444.445,-0.7,-0.6,14.8,0.00,0.32
56449.466,-0.7,-0.6,13.8,0.00,0.24
56454.486,-0.7,-0.6,11.8,0.00,0.24
56459.510,-0.8,-0.6,11.1,0.00,0.63
56464.534,-0.8,-0.6,11.2,0.00,0.63
56469.556,-0.8,-0.6,10.8,0.00,0.25
56474.568,-0.8,-0.6,10.7,0.00,0.18
56479.585,-0.8,-0.6,10.7,0.00,0.17
56484.606,-0.8,-0.6,11.0,0.00,0.27
56489.628,-0.8,-0.6,10.8,0.00,0.30
56494.651,-0.9,-0.6,10.6,0.00,0.19
56499.679,-0.9,-0.5,10.7,0.00,0.20
56504.704,-0.9,-0.5,10.7,0.00,0.10
56509.730,-1.0,-0.5,10.5,0.00,0.14
56514.753,-1.1,-0.6,10.2,0.00,0.12
56519.780,-1.2,-0.6,10.8,0.00,0.13
56524.806,-1.2,-0.6,11.1,0.00,0.20
56529.836,-1.3,-0.5,11.1,0.00,0.12
56534.859,-1.4,-0.5,11.1,0.00,0.22
56539.881,-1.4,-0.5,11.4,0.00,0.15
56544.902,-1.5,-0.5,11.6,0.00,0.11
56549.920,-1.5,-0.5,11.1,0.00,0.11
56554.944,-1.5,-0.5,11.1,0.00,0.13
56559.972,-1.5,-0.5,10.9,0.00,0.13
56565.001,-1.5,-0.5,10.9,0.00,0.11
56570.015,-1.5,-0.5,10.4,0.00,0.11
56575.027,-1.6,-0.5,10.2,0.00,0.11
56580.040,-1.6,-0.5,10.8,0.00,0.17
56585.059,-1.6,-0.5,10.5,0.00,0.14
56590.078,-1.6,-0.5,10.7,0.00,0.15
56595.093,-1.6,-0.4,10.4,0.00,0.15
56600.116,-1.7,-0.4,11.1,0.00,0.21
56605.136,-1.7,-0.4,10.8,0.00,0.15
56610.153,-1.7,-0.4,10.2,0.00,0.14
56615.175,-1.7,-0.4,9.9,0.00,0.20
56620.199,-1.8,-0.4,10.9,0.00,0.14
56625.217,-1.8,-0.4,11.0,0.00,0.20
56630.239,-1.8,-0.4,10.9,0.00,0.22
56635.264,-1.9,-0.3,10.7,0.00,0.14
56640.283,-1.9,-0.3,10.4,0.00,0.13
56645.300,-1.9,-0.3,9.9,0.00,0.10
56650.323,-1.9,-0.3,10.4,0.00,0.09
56655.337,-1.9,-0.3,10.6,0.00,0.21
56660.363,-1.9,-0.3,10.6,0.00,0.18
56665.389,-1.9,-0.3,11.2,0.00,0.11
56670.412,-1.9,-0.3,10.6,0.00,0.11
56675.431,-1.9,-0.3,10.3,0.00,0.14
56680.454,-1.9,-0.3,10.5,0.00,0.17
56685.476,-2.0,-0.3,10.0,0.00,0.11
56690.498,-2.0,-0.3,9.9,0.00,0.16
56695.521,-1.9,-0.3,10.6,0.00,0.11
56700.546,-2.0,-0.3,11.1,0.00,0.11
56705.569,-2.0,-0.3,11.0,0.00,0.11
56710.594,-2.0,-0.3,11.0,0.00,0.15
56715.619,-2.0,-0.3,11.2,0.00,0.14
56720.645,-2.0,-0.3,11.0,0.00,0.14
56725.672,-2.1,-0.2,11.1,0.00,0.10
56730.695,-2.1,-0.2,10.9,0.00,0.26
56735.720,-2.1,-0.2,10.8,0.00,0.17
56740.735,-2.1,-0.2,10.8,0.00,0.28
56745.757,-2.1,-0.2,11.6,0.00,0.15
56750.783,-2.1,-0.2,11.4,0.00,0.18
56755.808,-2.1,-0.2,12.9,0.00,0.24
56760.828,-2.1,-0.2,14.5,0.00,0.36
56765.851,-2.2,-0.2,15.2,0.00,0.49
56770.883,-2.2,-0.2,13.7,0.00,0.31
56775.902,-2.3,-0.2,12.4,0.00,0.54
56780.923,-2.3,-0.2,11.9,0.00,0.36
56785.943,-2.3,-0.2,11.4,0.00,0.45
56790.961,-2.3,-0.2,12.1,0.00,0.57
56795.987,-2.3,-0.2,12.3,0.00,0.37
56801.011,-2.3,-0.2,13.6,0.00,0.37
56806.021,-2.3,-0.2,14.4,0.00,0.62
56811.029,-2.3,-0.2,15.2,0.00,0.33
56816.041,-2.3,-0.2,16.4,0.00,0.21
56821.059,-2.3,-0.2,14.3,0.00,0.18
56826.078,-2.3,-0.2,13.1,0.00,0.13
56831.101,-2.3,-0.2,12.4,0.00,0.21
56836.121,-2.3,-0.2,12.0,0.00,0.10
56841.142,-2.3,-0.2,12.0,0.00,0.30
56846.161,-2.3,-0.2,12.4,0.00,0.39
56851.183,-2.3,-0.2,12.2,0.00,0.34
56856.201,-2.3,-0.2,12.0,0.00,0.47
56861.225,-2.3,-0.2,12.4,0.00,1.05
56866.247,-2.2,-0.2,12.3,0.00,0.80
56871.265,-2.2,-0.2,12.5,0.00,0.58
56876.288,-2.2,-0.2,12.7,0.00,0.40
56881.311,-2.2,-0.2,12.6,0.00,0.66
56886.330,-2.2,-0.2,14.3,0.00,0.29
56891.354,-2.2,-0.2,14.1,0.00,0.29
56896.377,-2.2,-0.2,15.9,0.00,0.35
56901.392,-2.2,-0.2,14.9,0.00,0.48
56906.412,-2.2,-0.2,15.9,0.00,0.33
56911.436,-2.2,-0.2,15.2,0.00,0.48
56916.459,-2.2,-0.2,15.2,0.00,0.29
56921.483,-2.2,-0.2,15.2,0.00,0.35
56926.504,-2.2,-0.2,14.0,0.00,0.37
56931.521,-2.2,-0.2,14.1,0.00,0.25
56936.539,-2.1,-0.2,14.0,0.00,0.17
56941.561,-2.1,-0.2,15.4,0.00,0.24
56946.587,-2.1,-0.2,15.3,0.00,0.19
56951.605,-2.1,-0.2,13.2,0.00,0.33
56958.197,-2.1,-0.2,12.7,0.00,0.18
56964.186,-2.1,-0.2,12.5,0.00,0.18
56971.073,-2.1,-0.2,12.3,0.00,0.45
56977.106,-2.1,-0.2,11.7,0.00,0.39
56984.063,-2.1,-0.2,12.0,0.00,0.34
56991.076,-2.1,-0.2,13.7,0.00,0.31
56996.124,-2.1,-0.2,15.3,0.00,0.28
57001.141,-2.1,-0.2,15.7,0.00,0.43
57007.060,-2.1,-0.2,15.8,0.00,0.46
57012.700,-2.1,-0.2,15.0,0.00,0.40
57019.547,-2.1,-0.2,15.1,0.00,0.32
57026.205,-2.1,-0.3,15.1,0.00,0.20
57032.737,-2.1,-0.3,12.4,0.00,0.17
57039.078,-2.1,-0.3,12.0,0.00,0.32
57044.751,-2.1,-0.3,14.1,0.00,0.34
57051.086,-2.1,-0.3,14.3,0.00,0.27
57058.081,-2.1,-0.3,13.3,0.00,0.25
57064.057,-2.1,-0.3,14.2,0.00,0.30
57069.184,-2.1,-0.3,13.7,0.00,0.28
57074.300,-2.1,-0.3,14.4,0.00,0.32
57080.297,-2.1,-0.2,15.8,0.00,0.40
57086.059,-2.1,-0.2,16.1,0.00,0.34
57091.085,-2.2,-0.2,14.9,0.00,0.23
57098.091,-2.2,-0.2,14.5,0.00,0.25
57104.071,-2.2,-0.2,13.3,0.00,0.55
57110.081,-2.2,-0.2,15.0,0.00,0.34
57116.077,-2.2,-0.2,16.8,0.00,0.31
57122.066,-2.2,-0.2,16.5,0.00,0.33
57127.082,-2.2,-0.2,13.4,0.00,0.21
57133.070,-2.2,-0.2,13.9,0.00,0.29
57139.056,-2.2,-0.2,13.9,0.00,0.35
57144.566,-2.2,-0.2,16.7,0.00,0.23
57150.062,-2.2,-0.2,15.8,0.00,0.31
57156.079,-2.2,-0.2,14.9,0.00,0.36
57162.054,-2.2,-0.2,14.7,0.00,0.24
57168.063,-2.2,-0.2,15.3,0.00,0.44
57174.233,-2.2,-0.2,13.3,0.00,0.46
57180.207,-2.2,-0.2,14.1,0.00,0.32
57187.186,-2.2,-0.2,13.7,0.00,0.33
57194.186,-2.2,-0.2,13.6,0.00,0.28
57200.095,-2.2,-0.2,14.3,0.00,0.44
57207.200,-2.2,-0.2,14.6,0.00,0.25
57213.693,-2.2,-0.2,15.4,0.00,0.16
57219.563,-2.2,-0.2,15.1,0.00,0.11
57225.579,-2.3,-0.2,14.0,0.00,0.12
57231.071,-2.6,-0.0,12.0,0.00,0.14
57237.057,-2.7,-0.0,12.4,0.00,0.12
57242.077,-2.7,-0.0,12.2,0.00,0.16
57247.558,-2.7,-0.0,12.7,0.00,0.16
57253.567,-2.9,0.1,12.9,0.00,0.11
57260.125,-3.0,0.2,12.5,0.00,0.12
57266.059,-3.0,0.2,12.3,0.00,0.29
57272.145,-3.0,0.2,12.3,0.00,0.15
57278.062,-3.1,0.2,12.3,0.00,0.22
57284.134,-3.1,0.2,12.4,0.00,0.19
57291.057,-3.1,0.2,12.2,0.00,0.23
57297.064,-3.1,0.2,12.3,0.00,0.33
57302.599,-3.1,0.2,16.0,0.00,0.44
57308.568,-3.1,0.2,15.2,0.00,0.38
57314.446,-3.1,0.2,14.4,0.00,0.33
57320.059,-3.1,0.2,13.5,0.00,0.30
57326.191,-3.1,0.2,14.4,0.00,0.36
57333.124,-3.1,0.2,14.6,0.00,0.26
57338.194,-3.1,0.2,12.3,0.00,0.21
57345.178,-3.1,0.2,11.6,0.00,0.44
57351.054,-3.1,0.2,12.4,0.00,0.48
57357.077,-3.1,0.2,12.7,0.00,0.46
57364.070,-3.2,0.2,12.4,0.00,0.37
57369.075,-3.2,0.2,12.5,0.00,0.46
57376.077,-3.2,0.2,12.3,0.00,0.29
57381.141,-3.2,0.2,12.6,0.00,0.45
57387.075,-3.2,0.2,12.2,0.00,0.30
57394.164,-3.2,0.2,12.4,0.00,0.41
57400.092,-3.2,0.2,12.3,0.00,0.67
57405.135,-3.2,0.2,12.5,0.00,0.41
57411.059,-3.3,0.2,12.7,0.00,0.29
57417.301,-3.3,0.2,12.7,0.00,0.55
57422.556,-3.3,0.2,15.2,0.00,0.15
57428.059,-3.3,0.2,14.3,0.00,0.48
57433.547,-3.3,0.2,16.1,0.00,0.42
57439.199,-3.3,0.2,14.6,0.00,0.41
57445.060,-3.3,0.2,14.0,0.00,0.19
57450.319,-3.3,0.2,16.0,0.00,0.50
57455.527,-3.3,0.2,13.9,0.00,0.25
57460.550,-3.3,0.2,13.1,0.00,0.16
57465.559,-3.3,0.2,13.4,0.00,0.41
57470.575,-3.3,0.2,12.3,0.00,0.34
57475.589,-3.3,0.2,11.3,0.00,0.47
57481.105,-3.3,0.2,12.5,0.00,0.23
57488.080,-3.4,0.2,11.8,0.00,0.37
57495.064,-3.4,0.3,12.3,0.00,0.70
57500.202,-3.4,0.3,13.6,0.00,0.76
57505.274,-3.4,0.3,14.4,0.00,0.47
57511.054,-3.4,0.3,13.5,0.00,0.18
57516.375,-3.4,0.3,11.8,0.00,0.49
57521.432,-3.4,0.3,13.0,0.00,0.50
57526.451,-2.8,-0.0,15.3,0.00,0.27
57531.468,-2.8,-0.0,17.3,0.00,0.27
57536.490,-2.8,-0.0,14.5,0.00,0.25
57541.507,-2.8,-0.0,17.9,0.00,0.43
57546.520,-2.8,-0.0,29.0,0.00,0.35
57551.586,-2.8,-0.0,19.4,0.00,0.23
57557.217,-2.9,-0.0,15.2,0.00,0.25
57563.620,-2.9,-0.0,13.4,0.00,0.35
57570.074,-2.9,-0.0,14.2,0.00,0.71
57576.062,-2.9,-0.0,16.5,0.00,0.28
57581.411,-2.9,-0.0,14.4,0.00,0.31
57587.264,-2.9,-0.0,14.4,0.00,0.21
57593.098,-2.9,-0.0,14.1,0.00,0.44
57598.303,-2.9,-0.0,13.0,0.00,0.24
57605.066,-2.9,-0.0,13.8,0.00,0.22
57611.080,-2.9,-0.0,13.7,0.00,0.22
57617.075,-2.9,-0.0,14.1,0.00,0.36
57623.420,-3.0,0.0,14.4,0.00,0.33
57628.432,-3.0,0.0,13.3,0.00,0.48
57634.075,-3.0,0.0,12.6,0.00,0.34
57640.066,-3.0,0.0,12.9,0.00,0.36
57646.091,-3.0,0.0,12.2,0.00,0.42
57652.293,-3.0,0.0,12.4,0.00,0.31
57658.110,-3.0,0.0,12.9,0.00,0.24
57663.528,-3.0,0.0,13.9,0.00,0.39
57668.559,-3.0,0.0,13.5,0.00,0.49
57673.569,-3.0,0.0,13.0,0.00,0.28
57678.583,-3.0,0.0,12.1,0.00,0.14
57684.202,-3.0,0.0,12.4,0.00,0.08
57689.216,-3.0,0.0,13.1,0.00,0.09
57694.231,-3.0,0.0,13.3,0.00,0.13
57699.248,-3.0,0.0,13.9,0.00,0.22
57704.261,-3.0,0.0,14.9,0.00,0.19
57709.275,-3.0,0.0,13.1,0.00,0.11
57714.295,-3.0,0.0,12.7,0.00,0.14
57719.315,-3.1,0.0,11.1,0.00,0.12
57724.335,-3.1,0.0,10.8,0.00,0.22
57729.348,-3.1,0.0,10.7,0.00,0.21
57734.364,-3.1,0.0,11.2,0.00,0.20
57739.376,-3.1,0.0,11.1,0.00,0.47
57744.394,-3.1,0.0,11.2,0.00,0.16
57749.409,-3.2,0.1,12.1,0.00,0.52
57754.429,-3.2,0.1,10.8,0.00,0.42
57759.447,-3.2,0.1,12.3,0.00,0.33
57764.459,-3.2,0.1,12.8,0.00,0.51
57769.481,-3.2,0.0,14.7,0.00,0.31
57774.501,-3.2,0.0,14.1,0.00,0.34
57779.516,-3.2,0.0,11.2,0.00,0.27
57784.536,-3.2,0.1,11.3,0.00,0.18
57789.556,-3.2,0.0,11.3,0.00,0.36
57794.576,-3.3,0.1,11.1,0.00,0.36
57799.596,-3.3,0.1,11.6,0.00,0.51
57804.612,-3.3,0.1,13.2,0.00,0.46
57809.629,-3.3,0.1,15.3,0.00,0.24
57814.648,-3.3,0.1,14.2,0.00,0.15
57819.671,-3.3,0.1,13.9,0.00,0.14
57824.693,-3.3,0.1,14.2,0.00,0.26
57829.708,-3.3,0.1,13.7,0.00,0.22
57834.729,-3.3,0.1,14.0,0.00,0.22
57839.743,-3.3,0.1,13.7,0.00,0.17
57844.759,-3.3,0.1,13.3,0.00,0.11
57849.777,-3.3,0.1,12.9,0.00,0.11
57854.796,-3.3,0.1,13.2,0.00,0.17
57859.813,-3.3,0.1,13.1,0.00,0.17
57864.835,-3.3,0.1,14.0,0.00,0.14
57869.850,-3.4,0.1,13.7,0.00,0.17
57874.872,-3.4,0.1,14.2,0.00,0.11
57879.892,-3.4,0.1,13.8,0.00,0.33
57884.912,-3.4,0.1,15.7,0.00,0.19
57889.934,-3.4,0.1,22.8,0.00,0.10
57894.955,-3.4,0.1,15.7,0.00,0.14
57899.976,-3.4,0.1,15.2,0.00,0.32
57904.999,-3.4,0.1,15.1,0.00,0.16
57910.015,-3.4,0.1,16.1,0.00,0.22
57915.030,-3.4,0.1,16.1,0.00,0.24
57920.045,-3.4,0.1,16.3,0.00,0.68
57925.062,-3.4,0.1,14.4,0.00,0.15
57930.076,-3.4,0.1,13.9,0.00,0.23
57935.095,-3.5,0.2,14.4,0.00,0.11
57940.113,-3.5,0.2,14.2,0.00,0.17
57945.170,-3.5,0.2,13.2,0.00,0.22
57950.193,-3.5,0.2,13.9,0.00,0.30
57956.059,-3.5,0.2,15.6,0.00,0.29
57962.036,-3.5,0.2,22.0,0.00,0.29
57967.080,-3.5,0.2,22.9,0.00,0.32
57972.092,-3.5,0.2,26.8,0.00,0.25
57977.636,-3.5,0.2,18.4,0.00,0.24
57983.142,-3.5,0.2,17.4,0.00,0.26
57988.526,-3.5,0.2,18.3,0.00,0.24
57993.546,-3.5,0.2,21.8,0.00,0.32
57998.602,-3.5,0.2,22.1,0.00,0.34
58003.611,-3.5,0.2,24.8,0.00,0.31
58008.646,-3.5,0.2,20.6,0.00,0.34
58013.662,-3.5,0.2,21.7,0.00,0.27
58020.112,-3.5,0.2,19.0,0.00,0.28
58025.665,-3.5,0.2,25.0,0.00,0.34
58031.678,-3.5,0.2,22.4,0.00,0.28
58037.079,-3.5,0.2,20.7,0.00,0.30
58042.088,-3.5,0.2,25.5,0.00,0.32
58055.709,-3.5,0.2,29.4,0.00,0.35
58062.234,-3.6,0.2,29.1,0.00,0.26
58067.250,-3.6,0.2,27.3,0.00,0.33
58073.166,-3.6,0.2,23.3,0.00,0.33
58078.270,-3.6,0.2,29.6,0.00,0.36
58084.055,-3.6,0.2,25.3,0.00,0.27
58089.066,-3.6,0.3,23.8,0.00,0.35
58094.079,-3.6,0.3,22.8,0.00,0.38
58099.092,-3.6,0.3,17.4,0.00,0.58
58104.141,-3.6,0.3,19.0,0.00,0.61
58109.404,-3.6,0.3,22.8,0.00,0.56
58114.490,-3.6,0.3,28.3,0.00,0.41
58120.404,-3.6,0.3,26.5,0.00,0.35
58125.688,-3.6,0.3,21.9,0.00,0.47
58131.061,-3.5,0.2,21.1,0.00,0.29
58136.094,-3.5,0.2,26.0,0.00,0.36
58141.397,-3.5,0.2,23.0,0.00,0.28
58146.460,-3.5,0.2,26.5,0.00,0.26
58152.111,-3.5,0.2,19.8,0.00,0.35
58158.063,-3.5,0.3,17.1,0.00,0.53
58163.391,-3.5,0.3,17.6,0.00,0.45
58169.068,-3.5,0.3,19.2,0.00,0.37
58174.613,-3.5,0.3,17.5,0.00,0.38
58179.634,-3.5,0.3,20.4,0.00,0.39
58185.268,-3.5,0.3,22.8,0.00,0.51
58191.060,-3.5,0.3,25.5,0.00,0.57
58196.081,-3.5,0.3,23.8,0.00,0.34
58201.094,-3.5,0.3,26.7,0.00,0.32
58208.055,-3.6,0.3,25.8,0.00,0.43
58213.169,-3.6,0.3,26.3,0.00,0.39
58218.440,-3.6,0.3,25.2,0.00,0.30
58225.149,-3.6,0.3,19.0,0.00,0.44
58231.079,-3.6,0.3,21.0,0.00,0.59
58237.075,-3.6,0.3,22.8,0.00,0.28
58243.374,-3.6,0.3,25.7,0.00,0.55
58248.507,-3.6,0.3,24.6,0.00,0.53
58254.155,-3.6,0.3,29.0,0.00,0.31
58259.543,-3.6,0.3,26.0,0.00,0.48
58265.614,-3.6,0.3,26.6,0.00,0.23
58271.136,-3.6,0.3,24.1,0.00,0.23
58277.075,-3.6,0.3,23.6,0.00,0.29
58282.739,-3.6,0.3,24.8,0.00,0.30
58287.759,-3.6,0.3,24.7,0.00,0.27
58293.536,-3.6,0.3,22.6,0.00,0.33
58299.266,-3.6,0.3,23.3,0.00,0.29
58304.281,-3.6,0.3,20.5,0.00,0.33
58310.057,-3.6,0.3,24.1,0.00,0.34
58316.065,-3.6,0.3,23.8,0.00,0.32
58321.096,-3.6,0.3,28.7,0.00,0.36
58351.508,-3.6,0.3,28.6,0.00,0.35
58356.538,-3.7,0.3,28.3,0.00,0.33
58361.556,-3.7,0.3,24.0,0.00,0.32
58367.081,-3.7,0.3,21.6,0.00,0.36
58372.443,-3.7,0.3,22.3,0.00,0.57
58378.186,-3.7,0.3,18.7,0.00,0.55
58383.203,-3.7,0.3,23.6,0.00,0.37
58389.058,-3.7,0.3,22.3,0.00,0.36
58394.060,-3.7,0.3,19.8,0.00,0.32
58399.815,-3.7,0.3,15.5,0.00,0.47
58405.561,-3.7,0.3,16.9,0.00,0.52
58410.579,-3.7,0.3,18.2,0.00,0.33
58415.604,-3.7,0.3,21.3,0.00,0.43
58420.611,-3.7,0.3,27.6,0.00,0.46
58427.068,-3.7,0.3,23.2,0.00,0.41
58433.056,-3.7,0.3,24.3,0.00,0.40
58438.242,-3.7,0.3,20.3,0.00,0.67
58444.075,-3.7,0.3,26.4,0.00,0.76
58450.069,-3.7,0.3,23.1,0.00,0.69
58455.537,-3.7,0.3,26.3,0.00,0.73
58461.772,-3.7,0.3,25.0,0.00,0.60
58467.066,-3.7,0.3,25.6,0.00,0.61
58472.682,-3.7,0.3,28.2,0.00,0.65
58480.064,-3.7,0.3,29.1,0.00,0.66
58492.690,-3.7,0.3,29.5,0.00,0.43
58534.193,-3.7,0.3,25.0,0.00,0.22
58539.215,-3.7,0.3,14.3,0.00,0.14
58544.236,-3.7,0.3,13.6,0.00,0.31
58549.257,-3.7,0.3,13.2,0.00,0.15
58554.278,-3.7,0.3,13.2,0.00,0.22
58559.294,-3.8,0.3,21.1,0.00,0.23
58564.316,-3.8,0.3,23.0,0.00,0.11
58569.336,-3.8,0.3,20.2,0.00,0.20
58574.362,-3.8,0.3,22.2,0.00,0.10
58579.382,-3.9,0.4,23.4,0.00,0.10
58584.397,-3.9,0.4,19.0,0.00,0.22
58589.421,-3.9,0.4,24.1,0.00,0.15
58594.445,-3.9,0.4,29.9,0.00,0.24
58600.470,-4.0,0.4,23.9,0.00,0.10
58605.492,-4.0,0.4,20.5,0.00,0.15
58610.516,-4.0,0.4,16.0,0.00,0.16
58615.535,-4.0,0.4,15.0,0.00,0.22
58620.559,-4.0,0.4,14.9,0.00,0.15
58625.580,-4.1,0.4,16.9,0.00,0.15
58631.082,-4.1,0.5,27.6,0.00,0.23
58636.673,-4.1,0.5,20.0,0.00,0.38
58642.145,-4.1,0.5,29.5,0.00,0.38
58647.167,-4.2,0.5,26.8,0.00,0.16
58654.073,-4.2,0.5,29.2,0.00,0.28
58659.470,-4.2,0.5,25.7,0.00,0.36
58665.454,-4.3,0.5,25.5,0.00,0.14
58671.050,-4.3,0.5,23.9,0.00,0.31
58676.076,-4.3,0.6,28.5,0.00,0.19
58713.080,-4.6,0.7,29.9,0.00,0.13
58719.068,-4.7,0.7,25.5,0.00,0.18
58725.345,-4.7,0.7,28.8,0.00,0.29
58786.078,-4.7,0.7,28.5,0.00,0.21
58792.155,-4.8,0.9,22.9,0.00,0.20
58799.181,-4.9,0.9,21.8,0.00,0.36
58804.386,-4.8,0.9,18.4,0.00,0.24
58810.191,-4.8,0.9,17.2,0.00,0.81
58817.072,-4.9,0.9,16.2,0.00,0.69
58822.830,-4.9,1.1,12.3,0.00,0.55
58828.225,-4.9,1.1,11.7,0.00,0.33
58833.680,-4.9,1.1,10.2,0.00,0.34
58839.856,-5.0,1.3,14.0,0.00,0.24
58845.049,-5.0,1.4,15.6,0.00,0.42
58850.813,-5.1,1.4,18.4,0.00,0.37
58856.083,-5.2,1.4,13.8,0.00,0.18
58861.234,-5.2,1.4,14.1,0.00,0.30
58867.074,-5.2,1.4,15.1,0.00,0.23
58873.224,-5.2,1.5,15.2,0.00,0.24
58878.678,-5.2,1.5,14.7,0.00,0.31
58883.692,-5.2,1.5,14.7,0.00,0.41
58888.717,-5.3,1.5,13.5,0.00,0.66
58893.726,-5.3,1.5,13.5,0.00,0.72
58899.066,-5.3,1.5,14.1,0.00,0.27
58904.076,-5.3,1.5,13.1,0.00,0.41
58909.586,-5.3,1.5,13.9,0.00,0.39
58915.546,-5.3,1.5,13.5,0.00,0.28
58921.206,-5.3,1.5,14.7,0.00,0.51
58926.701,-5.3,1.5,16.5,0.00,0.40
58933.160,-5.3,1.5,14.7,0.00,0.50
58940.055,-5.3,1.5,15.4,0.00,0.31
58945.395,-5.3,1.5,17.3,0.00,0.45
58951.121,-5.3,1.5,16.5,0.00,0.34
58958.172,-5.3,1.5,12.9,0.00,0.25
58964.164,-5.3,1.5,13.4,0.00,0.26
58971.078,-5.3,1.5,14.3,0.00,0.25
58978.070,-5.3,1.5,15.4,0.00,0.30
58984.066,-5.4,1.5,12.9,0.00,0.18
58991.070,-5.4,1.5,12.5,0.00,0.34
58997.154,-5.4,1.5,12.3,0.00,0.28
59003.195,-5.4,1.5,13.3,0.00,0.44
59009.066,-5.4,1.5,13.8,0.00,0.29
59016.177,-5.4,1.5,13.9,0.00,0.29
59023.081,-5.4,1.5,13.2,0.00,0.35
59029.218,-5.4,1.5,13.4,0.00,0.39
59035.246,-5.3,1.5,13.7,0.00,0.60
59041.349,-5.3,1.5,13.7,0.00,0.73
59047.681,-5.3,1.5,13.3,0.00,0.43
59054.220,-5.3,1.5,13.1,0.00,0.50
59061.072,-5.3,1.5,13.4,0.00,0.51
59067.551,-5.3,1.5,13.6,0.00,0.39
59073.093,-5.3,1.5,12.9,0.00,0.31
59079.535,-5.3,1.5,12.9,0.00,0.43
59085.318,-5.3,1.5,13.7,0.00,0.70
59092.105,-5.3,1.5,14.1,0.00,0.59
59099.063,-5.3,1.5,13.4,0.00,0.47
59105.142,-5.3,1.5,13.0,0.00,0.76
59112.088,-5.3,1.5,13.6,0.00,0.70
59118.098,-5.3,1.5,13.4,0.00,0.80
59124.059,-5.3,1.5,13.5,0.00,0.71
59129.094,-5.4,1.6,16.6,0.00,0.69
59134.106,-5.4,1.6,17.4,0.00,0.72
59139.122,-5.4,1.6,15.7,0.00,0.49
59144.132,-5.4,1.6,15.5,0.00,0.79
59150.077,-2.2,0.7,13.5,1.66,1.14
59155.109,5.6,-2.0,14.9,0.61,1.59
59160.115,12.6,-1.4,19.9,5.11,1.91
59165.138,18.5,-2.9,17.6,0.00,0.44
59170.151,20.7,-4.9,17.3,0.00,0.75
59175.173,20.2,-4.8,18.4,0.00,0.42
59180.193,18.9,-4.1,15.7,0.00,0.37
59185.208,17.0,-3.2,14.3,0.00,0.73
59190.231,15.7,-3.1,14.4,1.04,1.80
59195.256,14.7,-5.6,13.6,0.00,0.40
59200.278,14.8,-6.7,12.6,0.00,0.54
59205.303,14.1,-7.4,12.7,0.00,0.65
59210.321,11.3,-6.3,14.0,0.00,0.39
59215.342,6.4,-3.8,13.1,0.00,0.51
59220.365,5.5,-3.2,12.9,0.00,0.50
59225.386,5.4,-3.2,13.5,0.00,0.72
59230.410,5.4,-3.1,12.9,0.00,0.34
59235.427,5.4,-3.2,13.1,0.00,0.37
59240.446,5.4,-3.1,12.7,0.00,0.58
59245.465,5.3,-3.0,12.6,0.00,0.36
59250.488,5.3,-3.0,12.5,0.00,0.60
59255.511,5.4,-3.0,12.5,0.00,0.40
59260.529,5.3,-3.0,12.4,0.00,0.25
59265.558,5.2,-2.9,13.0,0.00,0.26
59270.574,5.2,-2.9,13.0,0.00,0.18
59276.076,5.1,-2.8,12.3,0.00,0.31
59283.180,5.1,-2.8,12.6,0.00,0.20
59290.063,5.2,-2.8,12.7,0.00,0.29
59296.112,5.2,-2.8,13.0,0.00,0.45
59303.191,5.3,-2.9,13.3,0.00,0.43
59309.129,5.3,-2.9,13.2,0.00,0.41
59316.064,5.2,-2.8,13.8,0.00,0.63
59323.062,4.9,-2.7,13.7,0.00,0.46
59330.072,4.9,-2.7,13.7,0.00,0.65
59337.068,4.9,-2.7,13.6,0.00,0.50
59344.203,4.8,-2.6,13.7,0.00,0.49
59351.059,4.7,-2.6,13.5,0.00,0.32
59357.174,4.7,-2.6,12.4,0.00,0.34
59362.645,4.6,-2.6,12.4,0.00,0.24
59368.069,4.6,-2.6,13.6,0.00,0.42
59373.116,4.6,-2.6,12.7,0.00,0.53
59380.050,4.5,-2.6,13.4,0.00,0.32
59386.077,4.5,-2.6,14.0,0.00,0.15
59393.071,4.5,-2.5,12.7,0.00,0.18
59400.056,4.5,-2.5,13.1,0.00,0.34
59406.082,4.6,-2.5,13.1,0.00,0.18
59412.156,4.6,-2.6,12.8,0.00,0.20
59418.062,4.7,-2.6,13.8,0.00,0.25
59423.829,4.7,-2.6,14.6,0.00,0.35
59429.103,4.7,-2.5,15.3,0.00,0.40
59434.899,4.7,-2.5,16.0,0.00,0.24
59439.917,4.6,-2.5,15.4,0.00,0.13
59445.482,4.6,-2.5,14.9,0.00,0.12
59451.202,4.6,-2.5,14.7,0.00,0.24
59458.176,4.7,-2.5,14.9,0.00,0.39
59464.104,4.7,-2.5,14.2,0.00,0.26
59470.160,4.7,-2.5,13.8,0.00,0.36
59477.057,4.6,-2.5,14.4,0.00,0.21
59484.052,4.5,-2.4,14.1,0.00,0.26
59489.059,4.6,-2.4,13.8,0.00,0.37
59494.061,4.6,-2.4,14.6,0.00,0.23
59499.076,4.6,-2.5,13.9,0.00,0.51
59505.046,4.7,-2.5,13.4,0.00,0.76
59510.066,4.7,-2.5,13.9,0.00,0.55
59515.070,4.5,-2.4,15.7,0.00,0.35
59521.079,4.0,-2.2,15.3,0.00,0.34
59528.065,3.7,-2.1,14.2,0.00,0.56
59534.074,3.7,-2.0,14.3,0.00,0.38
59540.168,3.6,-2.0,13.8,0.00,0.33
59546.099,3.4,-1.9,13.4,0.00,0.20
59553.065,3.3,-1.8,13.4,0.00,0.14
59558.140,3.1,-1.7,13.1,0.00,0.24
59564.138,3.0,-1.7,14.1,0.00,0.16
59570.158,2.8,-1.6,13.1,0.00,0.14
59576.154,2.7,-1.6,12.6,0.00,0.14
59582.156,2.6,-1.5,12.6,0.00,0.18
59588.140,2.6,-1.6,12.8,0.00,0.21
59595.161,2.4,-1.5,14.1,0.00,0.26
59601.213,2.5,-1.5,14.6,0.00,0.34
59608.160,2.6,-1.5,14.3,0.00,0.15
59614.110,2.3,-1.5,14.0,0.00,0.13
59621.196,1.9,-1.3,13.4,0.00,0.28
59627.276,1.8,-1.3,13.5,0.00,0.27
59633.188,1.8,-1.3,12.3,0.00,0.13
59639.304,1.8,-1.2,12.6,0.00,0.28
59645.164,1.7,-1.2,13.0,0.00,0.20
59652.059,1.6,-1.2,14.0,0.00,0.21
59657.060,1.6,-1.2,14.6,0.00,0.34
59664.069,1.6,-1.2,13.0,0.00,0.23
59670.086,1.5,-1.1,14.1,0.00,0.23
59676.166,1.3,-1.0,15.3,0.00,0.29
59682.115,1.3,-1.1,15.8,0.00,0.31
59688.164,1.3,-1.1,15.3,0.00,0.23
59694.162,1.3,-1.1,15.3,0.00,0.39
59699.544,2.7,-1.7,14.2,0.00,0.39
59704.566,2.7,-1.8,14.2,0.00,0.17
59710.180,2.7,-1.7,18.9,0.00,0.30
59716.058,2.7,-1.7,15.2,0.00,0.25
59723.065,2.7,-1.8,14.3,0.00,0.27
59729.217,2.5,-1.7,18.3,0.00,0.34
59735.241,2.5,-1.7,15.4,0.00,0.25
59741.168,2.5,-1.7,13.7,0.00,0.17
59748.157,2.5,-1.7,14.6,0.00,0.29
59755.064,2.5,-1.7,15.9,0.00,0.24
59761.143,2.5,-1.7,17.3,0.00,0.32
59768.147,2.5,-1.7,15.8,0.00,0.30
59774.045,2.5,-1.7,14.9,0.00,0.22
59780.086,2.5,-1.7,14.5,0.00,0.24
59785.103,2.5,-1.7,15.1,0.00,0.30
59792.072,2.4,-1.7,15.9,0.00,0.36
59797.084,2.4,-1.7,14.5,0.00,0.22
59802.524,2.4,-1.7,15.4,0.00,0.22
59807.582,2.4,-1.7,15.0,0.00,0.27
59813.302,2.4,-1.8,17.4,0.00,0.32
59819.175,2.5,-1.8,15.9,0.00,0.39
59825.073,2.4,-1.8,16.8,0.00,0.30
59830.619,2.4,-1.8,16.1,0.00,0.22
59836.249,2.5,-1.8,16.8,0.00,0.24
59841.276,2.4,-1.7,15.7,0.00,0.30
59848.311,2.4,-1.7,15.0,0.00,0.25
59854.260,2.5,-1.7,17.7,0.00,0.24
59860.209,2.5,-1.7,16.6,0.00,0.23
59866.052,2.5,-1.8,17.3,0.00,0.31
59871.117,2.5,-1.8,18.7,0.00,0.36
59876.149,2.5,-1.8,15.4,0.00,0.40
59883.187,2.5,-1.8,15.0,0.00,0.45
59890.049,2.5,-1.8,15.4,0.00,0.33
59895.055,2.5,-1.8,15.7,0.00,0.25
59900.058,2.5,-1.8,15.8,0.00,0.37
59905.221,2.5,-1.8,15.6,0.00,0.35
59911.159,2.6,-1.8,14.3,0.00,0.27
59917.062,2.6,-1.8,15.7,0.00,0.26
59923.153,2.6,-1.8,17.0,0.00,0.29
59929.178,2.6,-1.8,15.9,0.00,0.29
59937.062,2.6,-1.8,16.0,0.00,0.30
59944.052,2.7,-1.8,18.5,0.00,0.21
59949.170,2.7,-1.8,18.8,0.00,0.32
59955.113,2.7,-1.8,14.5,0.00,0.33
59960.202,2.7,-1.8,14.7,0.00,0.34
59965.643,2.7,-1.9,14.4,0.00,0.24
59972.073,2.7,-1.9,16.0,0.00,0.29
59978.068,2.7,-1.9,17.5,0.00,0.31
59984.152,2.7,-1.9,17.3,0.00,0.28
59989.566,2.7,-1.9,15.2,0.00,0.31
59995.208,2.7,-1.9,14.1,0.00,0.29
60001.056,2.7,-1.9,16.1,0.00,0.23
60006.325,2.7,-1.8,16.5,0.00,0.24
60012.190,2.7,-1.8,17.6,0.00,0.20
60018.228,2.7,-1.8,18.3,0.00,0.30
60024.071,2.8,-1.8,15.6,0.00,0.30
60030.050,2.7,-1.8,16.0,0.00,0.28
60037.053,2.7,-1.8,15.6,0.00,0.31
60043.217,2.7,-1.8,15.1,0.00,0.44
60050.188,2.8,-1.9,15.9,0.00,0.36
60056.172,2.8,-1.9,17.5,0.00,0.40
60062.054,2.8,-1.9,17.2,0.00,0.32
60068.065,2.8,-1.9,16.4,0.00,0.23
60074.170,2.8,-1.9,15.5,0.00,0.22
60080.152,2.9,-1.9,16.2,0.00,0.23
60086.099,2.8,-1.8,14.7,0.00,0.21
60091.211,2.8,-1.8,15.9,0.00,0.16
60096.230,2.8,-1.7,16.4,0.00,0.16
60102.053,2.8,-1.7,15.7,0.00,0.15
60108.068,2.8,-1.7,16.0,0.00,0.30
60114.110,2.8,-1.7,15.8,0.00,0.23
60120.050,2.8,-1.7,17.5,0.00,0.23
60125.151,2.7,-1.7,20.3,0.00,0.38
60130.159,2.8,-1.7,21.7,0.00,0.30
60136.068,2.8,-1.6,19.6,0.00,0.14
60141.415,2.8,-1.6,17.2,0.00,0.15
60147.071,2.8,-1.7,15.6,0.00,0.15
60153.068,2.0,-0.7,14.9,0.00,0.14
60159.054,2.0,-0.7,14.2,0.00,0.22
60165.063,2.0,-0.7,15.2,0.00,0.14
60171.061,2.0,-0.7,15.8,0.00,0.29
60176.567,2.0,-0.6,15.3,0.00,0.17
60181.596,2.0,-0.6,15.4,0.00,0.23
60187.102,1.4,-0.3,13.8,0.00,0.49
60192.255,1.2,-0.2,13.1,0.00,0.18
60197.529,1.2,-0.1,14.3,0.00,0.18
60205.081,1.4,-0.2,13.7,0.00,0.28
60211.064,1.4,-0.1,13.1,0.00,0.27
60216.101,1.4,-0.1,13.0,0.00,0.21
60221.112,1.4,-0.1,12.9,0.00,0.25
60227.383,1.4,-0.1,14.1,0.00,0.30
60233.255,1.5,-0.1,15.3,0.00,0.26
60239.093,1.5,-0.1,15.2,0.00,0.26
60244.192,1.5,-0.1,15.8,0.00,0.18
60250.147,1.6,-0.1,19.4,0.00,0.26
60255.167,1.6,-0.1,15.2,0.00,0.14
60261.143,1.6,-0.1,14.4,0.00,0.22
60267.048,1.6,-0.1,13.9,0.00,0.19
60272.184,1.6,-0.0,14.5,0.00,0.33
60278.144,1.6,-0.1,14.8,0.00,0.16
60284.074,1.6,-0.0,14.1,0.00,0.19
60290.050,1.7,-0.1,13.2,0.00,0.27
60296.064,1.7,-0.1,14.1,0.00,0.15
60302.091,1.7,-0.1,13.8,0.00,0.32
60308.053,1.7,-0.0,14.3,0.00,0.14
60313.339,1.7,-0.0,15.4,0.00,0.13
60320.119,1.7,-0.0,14.3,0.00,0.22
60326.303,1.8,-0.0,14.5,0.00,0.21
60332.184,1.8,-0.0,15.2,0.00,0.20
60338.136,1.8,-0.0,15.9,0.00,0.34
60344.177,1.8,-0.0,18.3,0.00,0.20
60350.130,1.8,-0.0,15.6,0.00,0.19
60355.712,1.8,-0.0,16.1,0.00,0.17
60361.627,1.8,-0.0,15.0,0.00,0.23
60367.678,1.9,-0.0,15.2,0.00,0.28
60373.581,1.9,-0.0,14.8,0.00,0.20
60379.630,1.9,-0.0,15.3,0.00,0.23
60385.173,1.7,0.1,14.7,0.00,0.36
60390.185,1.4,0.3,14.8,0.00,0.34
60396.115,0.8,0.6,14.4,0.00,0.33
60402.072,0.6,0.7,14.1,0.00,0.50
60407.555,0.4,0.9,15.2,0.00,0.43
60414.057,0.4,0.9,15.8,0.00,0.31
60420.056,0.2,1.0,15.0,0.00,0.18
60426.048,0.2,1.0,15.3,0.00,0.30
60432.172,0.0,1.1,15.5,0.00,0.28
60438.143,0.1,1.1,16.6,0.00,0.34
60443.745,0.2,1.0,15.0,0.00,0.27
60449.127,0.2,1.0,14.3,0.00,0.12
60455.079,-0.1,1.2,13.4,0.00,0.17
60460.327,-0.1,1.2,14.3,0.00,0.21
60466.251,-0.2,1.3,14.2,0.00,0.24
60473.064,-0.2,1.3,15.4,0.00,0.12
60478.328,-0.2,1.3,14.3,0.00,0.12
60484.134,-0.2,1.3,14.8,0.00,0.12
60489.174,-0.2,1.3,16.6,0.00,0.16
60495.060,-0.2,1.3,14.7,0.00,0.12
60500.272,-0.1,1.3,14.4,0.00,0.12
60506.078,-0.1,1.3,14.8,0.00,0.15
60512.063,-0.1,1.3,14.7,0.00,0.23
60518.243,-0.1,1.2,14.8,0.00,0.15
60525.058,-0.1,1.2,14.4,0.00,0.18
60530.070,-0.0,1.2,14.7,0.00,0.19
60536.104,-0.0,1.2,15.7,0.00,0.33
60543.199,-0.0,1.2,16.5,0.00,0.21
60550.140,-0.0,1.3,17.9,0.00,0.41
60557.052,-0.0,1.3,17.1,0.00,0.28
60563.080,-0.0,1.3,18.5,0.00,0.42
60569.184,-0.0,1.3,19.1,0.00,0.25
60574.666,0.0,1.3,18.1,0.00,0.27
60580.174,0.0,1.3,15.0,0.00,0.52
60586.151,0.0,1.3,15.5,0.00,0.54
60591.171,0.0,1.3,15.1,0.00,0.48
60596.193,-0.0,1.3,14.7,0.00,0.62
60603.252,-0.1,1.3,13.6,0.00,0.82
60609.218,-0.2,1.4,13.8,0.00,0.67
60615.546,-8.7,5.4,14.7,0.58,1.08
60621.061,-15.4,7.8,15.0,0.00,1.33
60626.173,-20.1,10.1,14.5,1.01,1.24
60632.088,-20.5,10.2,15.1,0.00,0.80
60639.061,-21.5,10.6,14.6,0.00,1.08
60645.060,-23.7,11.6,14.3,0.00,0.50
60651.050,-29.8,14.9,13.6,0.00,0.63
60657.074,-36.4,18.3,13.4,0.00,1.02
60662.570,-44.5,22.4,14.7,1.01,1.09
60668.577,-47.3,23.1,15.9,0.00,0.53
60674.653,-48.6,23.6,15.7,0.00,0.66
60680.655,-47.6,22.9,15.1,0.00,0.56
60685.714,-51.9,24.9,16.6,0.00,1.08
60691.756,-49.5,23.4,20.8,0.00,0.67
60697.534,-48.9,23.6,17.5,0.00,0.70
60704.057,-49.1,23.8,16.2,0.00,0.47
60710.153,-49.4,24.0,14.7,0.00,0.61
60716.083,-49.7,24.1,14.1,0.00,0.50
60723.169,-49.7,24.1,14.7,0.00,0.45
60729.154,-49.1,23.6,15.3,0.00,0.32
60734.188,-48.6,23.2,15.9,0.00,0.59
60740.273,-48.5,23.2,16.6,0.00,0.32
60746.174,-48.5,23.2,17.6,0.00,0.45
60751.185,-48.5,23.2,18.9,0.00,0.39
60756.620,-48.5,23.2,16.0,0.00,0.43
60762.068,-48.5,23.2,16.6,0.00,0.34
60767.071,-48.5,23.2,14.7,0.00,0.37
60773.263,-47.5,22.4,15.6,0.00,0.49
60779.090,-47.4,22.4,14.9,0.00,0.41
60786.063,-47.4,22.3,13.9,0.00,0.44
60791.507,-47.3,22.3,13.2,0.00,0.52
60797.565,-47.4,22.3,14.3,0.00,0.46
60803.539,-47.5,22.4,14.8,0.00,0.63
60809.048,-47.5,22.4,15.5,0.00,0.25
60814.882,-47.4,22.4,15.0,0.00,0.24
60821.051,-47.4,22.4,17.0,0.00,0.26
60827.046,-47.4,22.4,15.8,0.00,0.24
60833.066,-47.5,22.4,16.6,0.00,0.49
60839.073,-47.4,22.4,18.1,0.00,0.16
60846.080,-47.4,22.4,18.9,0.00,0.16
60851.556,-47.5,22.4,17.1,0.00,0.31
60857.055,-47.5,22.5,16.7,0.00,0.47
60862.143,-47.6,22.5,15.7,0.00,0.32
60867.534,-47.6,22.5,15.7,0.00,0.25
60875.062,-48.4,22.9,14.4,0.00,0.44
60881.080,-49.0,23.3,15.5,0.00,0.19
60887.049,-49.1,23.4,14.3,0.00,0.56
60892.190,-49.1,23.4,14.6,0.00,0.51
60898.052,-49.1,23.4,15.0,0.00,0.24
60904.070,-49.2,23.4,14.3,0.00,0.44
60910.052,-49.2,23.4,14.9,0.00,0.35
60916.175,-48.4,23.0,14.7,0.00,0.37
60923.079,-49.4,23.6,14.1,0.00,0.44
60929.060,-49.4,23.5,14.0,0.00,0.87
60935.062,-49.6,23.7,14.7,0.00,0.36
60940.071,-49.5,23.7,14.4,0.00,0.40
60945.497,-49.5,23.7,14.9,0.00,0.62
60950.520,-49.5,23.6,15.7,0.00,0.30
60955.535,-49.5,23.6,15.2,0.00,0.17
60960.558,-49.5,23.6,16.8,0.00,0.16
60966.227,-49.5,23.7,15.9,0.00,0.52
60971.249,-4.2,0.4,27.6,18.50,2.72
